[{"name":"theme_info","theme_name":"Detox","theme_author":"milo317","theme_version":"3.1.7.01","theme_documentation_url":"https:\/\/3oneseven.com\/detox-shopify","theme_support_url":"https:\/\/3oneseven.com\/"},{"name":"Multi Languages","settings":[{"type":"checkbox","id":"enable_multilang","label":"Enable","default":true},{"type":"text","id":"lange_1","label":"Language 1","default":"English"},{"type":"image","id":"i-lang-1.png","label":"Language 1 Icon","max-width":16,"max-height":11,"info":"16px x 11px .png"},{"type":"text","id":"lange_2","label":"Language 2","default":"German"},{"type":"image","id":"i-lang-2.png","label":"Language 2 Icon","max-width":16,"max-height":11,"info":"16px x 11px .png"}]},{"name":"Header","settings":[{"type":"header","content":"Header Top"},{"type":"checkbox","id":"display_header_top_text","label":"Display Header Top?","default":true},{"type":"text","id":"header_top_text","label":"Header Top Text","default":"This website uses cookies, by clicking here, you agree to the use of cookies."},{"type":"text","id":"header_top_link_text","label":"Header Top Link Text","default":"Know more"},{"type":"text","id":"header_top_link","label":"Header Top Link"},{"type":"header","content":"Search"},{"type":"checkbox","id":"show_header_search","label":"Show search form?","default":true},{"type":"header","content":"Cart Header"},{"type":"radio","id":"dropdowncart_type","label":"When to show dropdown cart","options":[{"value":"click","label":"Click on the cart"},{"value":"hover","label":"Hover on the cart"}]}]},{"name":"Footer","settings":[{"type":"header","content":"Footer Column"},{"type":"text","id":"footer_column_1_title","label":"Footer Column 1 Title"},{"type":"text","id":"footer_column_2_title","label":"Footer Column 2 Title"},{"type":"text","id":"footer_column_3_title","label":"Footer Column 3 Title"},{"type":"header","content":"Social"},{"type":"checkbox","id":"display_social","label":"Show social media links?"},{"type":"text","id":"footer_column_4_title","label":"Social Title"},{"type":"text","id":"footer_social_link_1","label":"Social Facebook link"},{"type":"text","id":"footer_social_link_2","label":"Social Twitter link"},{"type":"text","id":"footer_social_link_3","label":"Social Google+ link"},{"type":"text","id":"footer_social_link_4","label":"Social Instagram link"},{"type":"text","id":"footer_social_link_5","label":"Social Rss link"},{"type":"text","id":"footer_social_link_6","label":"Social Pinterest link"},{"type":"textarea","id":"fb_like_code","label":"Facebook Like Code"},{"type":"header","content":"Newsletter"},{"type":"checkbox","id":"footer_display_newsletter","label":"Show newsletter?","default":true},{"type":"text","id":"footer_newsletter_title","label":"Newsletter title","default":"Newsletter Sign Up"},{"type":"text","id":"mailing_list_form_action","label":"MailChimp form action URL","info":"[Where do I find my MailChimp form action URL?](http:\/\/docs.shopify.com\/support\/configuration\/store-customization\/where-do-i-get-my-mailchimp-form-action)"},{"type":"header","content":"Footer Address"},{"type":"checkbox","id":"display_footer_address","label":"Show Footer Address?"},{"type":"textarea","id":"footer_address_code","label":"Footer Address Code"},{"type":"header","content":"Footer Payment"},{"type":"header","content":"Display payment icons for"},{"type":"checkbox","id":"payment_methods_display_visa?","label":"Visa"},{"type":"checkbox","id":"payment_methods_display_american-express?","label":"American Express"},{"type":"checkbox","id":"payment_methods_display_mastercard?","label":"Mastercard"},{"type":"checkbox","id":"payment_methods_display_discover?","label":"Discover"},{"type":"checkbox","id":"payment_methods_display_paypal?","label":"PayPal"},{"type":"checkbox","id":"payment_methods_display_google-checkout?","label":"Google Checkout"},{"type":"checkbox","id":"payment_methods_display_maestro?","label":"Maestro"},{"type":"checkbox","id":"payment_methods_display_cirrus?","label":"Cirrus"},{"type":"image","id":"icon-cc-visa.png","label":"Upload image Visa","max-width":2000,"max-height":2000},{"type":"image","id":"icon-cc-american-express.png","label":"Upload image American Express","max-width":2000,"max-height":2000},{"type":"image","id":"icon-cc-mastercard.png","label":"Upload image Mastercard","max-width":2000,"max-height":2000},{"type":"image","id":"icon-cc-discover.png","label":"Upload image Discover","max-width":2000,"max-height":2000},{"type":"image","id":"icon-cc-paypal.png","label":"Upload image Paypal","max-width":2000,"max-height":2000},{"type":"image","id":"icon-cc-google-checkout.png","label":"Upload image Google Checkout","max-width":2000,"max-height":2000},{"type":"image","id":"icon-cc-maestro.png","label":"Upload image Maestro","max-width":2000,"max-height":2000},{"type":"image","id":"icon-cc-cirrus.png","label":"Upload image Cirrus","max-width":2000,"max-height":2000}]},{"name":"Navigation","settings":[{"type":"header","content":"Mega Menu"},{"type":"checkbox","id":"display_megamenu","label":"Display Mega Menu?","default":true},{"type":"text","id":"megamenu_items","label":"Mega Menu Items","default":"Catalog","info":"Use \",\" to separate mega menu items if you have multiple mega menus. For ex: Shop, Collections"},{"type":"checkbox","id":"enable_new","label":"Display icon New at Mega Menu Items?","default":true},{"type":"header","content":"Fixed Top Menu"},{"type":"checkbox","id":"display_fixtop_menu","label":"Display Fix Top Menu?","default":true},{"type":"header","content":"Level Top"},{"type":"checkbox","id":"show_dropdown_arrow","label":"Show dropdown arrow icon?"},{"type":"header","content":"Dropdown Mega Menu 1"},{"type":"select","id":"style_dropdown_mega_menu_1","label":"Style for Dropdown Mega Menu 1","options":[{"value":"style_1","label":"Style 1"},{"value":"style_2","label":"Style 2"},{"value":"style_3","label":"Style 3"},{"value":"style_4","label":"Style 4"}]},{"type":"paragraph","content":"Featured Product in Mega Menu 1 (used for Style 1)"},{"type":"checkbox","id":"show_featured_product_menu_1","label":"Enable","default":true},{"type":"collection","id":"menu_featured_product_list_collection_1","label":"Collection to use"},{"type":"text","id":"menu_featured_product_title_1","label":"Title","default":"Featured Products"},{"type":"paragraph","content":"Block Image (used for Style 2)"},{"type":"image","id":"dropdown_1_menu_image_1.jpg","label":"Upload a new image","max-width":500,"info":"224px x 165px recommended"},{"type":"text","id":"dropdown_1_menu_link_image_1","label":"Link image"},{"type":"paragraph","content":"Block Image 2 (used for Style 2)"},{"type":"image","id":"dropdown_1_menu_image_2.jpg","label":"Upload a new image","max-width":500,"info":"224px x 165px recommended"},{"type":"text","id":"dropdown_1_menu_link_image_2","label":"Link image 2"},{"type":"paragraph","content":"Block Image 3 (used for Style 1, 2, 4)"},{"type":"image","id":"dropdown_1_menu_image_3.jpg","label":"Upload a new image","max-width":500,"info":"224px x 337px recommended"},{"type":"text","id":"dropdown_1_menu_link_image_3","label":"Link image 3"},{"type":"header","content":"Dropdown Mega Menu 2"},{"type":"select","id":"style_dropdown_mega_menu_2","label":"Style for Dropdown Mega Menu 2","options":[{"value":"style_1","label":"Style 1"},{"value":"style_2","label":"Style 2"},{"value":"style_3","label":"Style 3"},{"value":"style_4","label":"Style 4"}]},{"type":"paragraph","content":"Featured Product in Mega Menu 2 (used for Style 1)"},{"type":"checkbox","id":"show_featured_product_menu_2","label":"Enable","default":true},{"type":"collection","id":"menu_featured_product_list_collection_2","label":"Collection to use"},{"type":"text","id":"menu_featured_product_title_2","label":"Title","default":"Featured Products"},{"type":"paragraph","content":"Block Image (used for Style 2)"},{"type":"image","id":"dropdown_2_menu_image_1.jpg","label":"Upload a new image","max-width":500,"info":"224px x 165px recommended"},{"type":"text","id":"dropdown_2_menu_link_image_1","label":"Link image"},{"type":"paragraph","content":"Block Image 2 (used for Style 2)"},{"type":"image","id":"dropdown_2_menu_image_2.jpg","label":"Upload a new image","max-width":500,"info":"224px x 165px recommended"},{"type":"text","id":"dropdown_2_menu_link_image_2","label":"Link image 2"},{"type":"paragraph","content":"Block Image 3 (used for Style 1, 2, 4)"},{"type":"image","id":"dropdown_2_menu_image_3.jpg","label":"Upload a new image","max-width":500,"info":"224px x 337px recommended"},{"type":"text","id":"dropdown_2_menu_link_image_3","label":"Link image 3"},{"type":"header","content":"Dropdown Mega Menu 3"},{"type":"select","id":"style_dropdown_mega_menu_3","label":"Style for Dropdown Mega Menu 3","options":[{"value":"style_1","label":"Style 1"},{"value":"style_2","label":"Style 2"},{"value":"style_3","label":"Style 3"},{"value":"style_4","label":"Style 4"}]},{"type":"paragraph","content":"Featured Product in Mega Menu 3 (used for Style 1)"},{"type":"checkbox","id":"show_featured_product_menu_3","label":"Enable","default":true},{"type":"collection","id":"menu_featured_product_list_collection_3","label":"Collection to use"},{"type":"text","id":"menu_featured_product_title_3","label":"Title","default":"Featured Products"},{"type":"paragraph","content":"Block Image (used for Style 2)"},{"type":"image","id":"dropdown_3_menu_image_1.jpg","label":"Upload a new image","max-width":500,"info":"224px x 165px recommended"},{"type":"text","id":"dropdown_3_menu_link_image_1","label":"Link image"},{"type":"paragraph","content":"Block Image 2 (used for Style 2)"},{"type":"image","id":"dropdown_3_menu_image_2.jpg","label":"Upload a new image","max-width":500,"info":"224px x 165px recommended"},{"type":"text","id":"dropdown_3_menu_link_image_2","label":"Link image 2"},{"type":"paragraph","content":"Block Image 3 (used for Style 1, 2, 4)"},{"type":"image","id":"dropdown_3_menu_image_3.jpg","label":"Upload a new image","max-width":500,"info":"224px x 337px recommended"},{"type":"text","id":"dropdown_3_menu_link_image_3","label":"Link image 3"},{"type":"header","content":"Dropdown Mega Menu 4"},{"type":"select","id":"style_dropdown_mega_menu_4","label":"Style for Dropdown Mega Menu 4","options":[{"value":"style_1","label":"Style 1"},{"value":"style_2","label":"Style 2"},{"value":"style_3","label":"Style 3"},{"value":"style_4","label":"Style 4"}]},{"type":"paragraph","content":"Featured Product in Mega Menu 4 (used for Style 1)"},{"type":"checkbox","id":"show_featured_product_menu_4","label":"Enable","default":true},{"type":"collection","id":"menu_featured_product_list_collection_4","label":"Collection to use"},{"type":"text","id":"menu_featured_product_title_4","label":"Title","default":"Featured Products"},{"type":"paragraph","content":"Block Image (used for Style 2)"},{"type":"image","id":"dropdown_4_menu_image_1.jpg","label":"Upload a new image","max-width":500,"info":"224px x 165px recommended"},{"type":"text","id":"dropdown_4_menu_link_image_1","label":"Link image"},{"type":"paragraph","content":"Block Image 2 (used for Style 2)"},{"type":"image","id":"dropdown_4_menu_image_2.jpg","label":"Upload a new image","max-width":500,"info":"224px x 165px recommended"},{"type":"text","id":"dropdown_4_menu_link_image_2","label":"Link image 2"},{"type":"paragraph","content":"Block Image 3 (used for Style 1, 2, 4)"},{"type":"image","id":"dropdown_4_menu_image_3.jpg","label":"Upload a new image","max-width":500,"info":"224px x 337px recommended"},{"type":"text","id":"dropdown_4_menu_link_image_3","label":"Link image 3"},{"type":"header","content":"Dropdown Mega Menu 5"},{"type":"select","id":"style_dropdown_mega_menu_5","label":"Style for Dropdown Mega Menu 5","options":[{"value":"style_1","label":"Style 1"},{"value":"style_2","label":"Style 2"},{"value":"style_3","label":"Style 3"},{"value":"style_4","label":"Style 4"}]},{"type":"paragraph","content":"Featured Product in Mega Menu 5 (used for Style 1)"},{"type":"checkbox","id":"show_featured_product_menu_5","label":"Enable","default":true},{"type":"collection","id":"menu_featured_product_list_collection_5","label":"Collection to use"},{"type":"text","id":"menu_featured_product_title_5","label":"Title","default":"Featured Products"},{"type":"paragraph","content":"Block Image (used for Style 2)"},{"type":"image","id":"dropdown_5_menu_image_1.jpg","label":"Upload a new image","max-width":500,"info":"224px x 165px recommended"},{"type":"text","id":"dropdown_5_menu_link_image_1","label":"Link image"},{"type":"paragraph","content":"Block Image 2 (used for Style 2)"},{"type":"image","id":"dropdown_5_menu_image_2.jpg","label":"Upload a new image","max-width":500,"info":"224px x 165px recommended"},{"type":"text","id":"dropdown_5_menu_link_image_2","label":"Link image 2"},{"type":"paragraph","content":"Block Image 3 (used for Style 1, 2, 4)"},{"type":"image","id":"dropdown_5_menu_image_3.jpg","label":"Upload a new image","max-width":500,"info":"224px x 337px recommended"},{"type":"text","id":"dropdown_5_menu_link_image_3","label":"Link image 3"},{"type":"header","content":"Dropdown Mega Menu 6"},{"type":"select","id":"style_dropdown_mega_menu_6","label":"Style for Dropdown Mega Menu 6","options":[{"value":"style_1","label":"Style 1"},{"value":"style_2","label":"Style 2"},{"value":"style_3","label":"Style 3"},{"value":"style_4","label":"Style 4"}]},{"type":"paragraph","content":"Featured Product in Mega Menu 6 (used for Style 1)"},{"type":"checkbox","id":"show_featured_product_menu_6","label":"Enable","default":true},{"type":"collection","id":"menu_featured_product_list_collection_6","label":"Collection to use"},{"type":"text","id":"menu_featured_product_title_6","label":"Title","default":"Featured Products"},{"type":"paragraph","content":"Block Image (used for Style 2)"},{"type":"image","id":"dropdown_6_menu_image_1.jpg","label":"Upload a new image","max-width":500,"info":"224px x 165px recommended"},{"type":"text","id":"dropdown_6_menu_link_image_1","label":"Link image"},{"type":"paragraph","content":"Block Image 2 (used for Style 2)"},{"type":"image","id":"dropdown_6_menu_image_2.jpg","label":"Upload a new image","max-width":500,"info":"224px x 165px recommended"},{"type":"text","id":"dropdown_6_menu_link_image_2","label":"Link image 2"},{"type":"paragraph","content":"Block Image 3 (used for Style 1, 2, 4)"},{"type":"image","id":"dropdown_6_menu_image_3.jpg","label":"Upload a new image","max-width":500,"info":"224px x 337px recommended"},{"type":"text","id":"dropdown_6_menu_link_image_3","label":"Link image 3"},{"type":"header","content":"Dropdown Mega Menu 7"},{"type":"select","id":"style_dropdown_mega_menu_7","label":"Style for Dropdown Mega Menu 7","options":[{"value":"style_1","label":"Style 1"},{"value":"style_2","label":"Style 2"},{"value":"style_3","label":"Style 3"},{"value":"style_4","label":"Style 4"}]},{"type":"paragraph","content":"Featured Product in Mega Menu 7 (used for Style 1)"},{"type":"checkbox","id":"show_featured_product_menu_7","label":"Enable","default":true},{"type":"collection","id":"menu_featured_product_list_collection_7","label":"Collection to use"},{"type":"text","id":"menu_featured_product_title_7","label":"Title","default":"Featured Products"},{"type":"paragraph","content":"Block Image (used for Style 2)"},{"type":"image","id":"dropdown_7_menu_image_1.jpg","label":"Upload a new image","max-width":500,"info":"224px x 165px recommended"},{"type":"text","id":"dropdown_7_menu_link_image_1","label":"Link image"},{"type":"paragraph","content":"Block Image 2 (used for Style 2)"},{"type":"image","id":"dropdown_7_menu_image_2.jpg","label":"Upload a new image","max-width":500,"info":"224px x 165px recommended"},{"type":"text","id":"dropdown_7_menu_link_image_2","label":"Link image 2"},{"type":"paragraph","content":"Block Image 3 (used for Style 1, 2, 4)"},{"type":"image","id":"dropdown_7_menu_image_3.jpg","label":"Upload a new image","max-width":500,"info":"224px x 337px recommended"},{"type":"text","id":"dropdown_7_menu_link_image_3","label":"Link image 3"},{"type":"header","content":"Dropdown Mega Menu 8"},{"type":"select","id":"style_dropdown_mega_menu_8","label":"Style for Dropdown Mega Menu 8","options":[{"value":"style_1","label":"Style 1"},{"value":"style_2","label":"Style 2"},{"value":"style_3","label":"Style 3"},{"value":"style_4","label":"Style 4"}]},{"type":"paragraph","content":"Featured Product in Mega Menu 8 (used for Style 1)"},{"type":"checkbox","id":"show_featured_product_menu_8","label":"Enable","default":true},{"type":"collection","id":"menu_featured_product_list_collection_8","label":"Collection to use"},{"type":"text","id":"menu_featured_product_title_8","label":"Title","default":"Featured Products"},{"type":"paragraph","content":"Block Image (used for Style 2)"},{"type":"image","id":"dropdown_8_menu_image_1.jpg","label":"Upload a new image","max-width":500,"info":"224px x 165px recommended"},{"type":"text","id":"dropdown_8_menu_link_image_1","label":"Link image"},{"type":"paragraph","content":"Block Image 2 (used for Style 2)"},{"type":"image","id":"dropdown_8_menu_image_2.jpg","label":"Upload a new image","max-width":500,"info":"224px x 165px recommended"},{"type":"text","id":"dropdown_8_menu_link_image_2","label":"Link image 2"},{"type":"paragraph","content":"Block Image 3 (used for Style 1, 2, 4)"},{"type":"image","id":"dropdown_8_menu_image_3.jpg","label":"Upload a new image","max-width":500,"info":"224px x 337px recommended"},{"type":"text","id":"dropdown_8_menu_link_image_3","label":"Link image 3"},{"type":"header","content":"Dropdown Mega Menu 9"},{"type":"select","id":"style_dropdown_mega_menu_9","label":"Style for Dropdown Mega Menu 9","options":[{"value":"style_1","label":"Style 1"},{"value":"style_2","label":"Style 2"},{"value":"style_3","label":"Style 3"},{"value":"style_4","label":"Style 4"}]},{"type":"paragraph","content":"Featured Product in Mega Menu 9 (used for Style 1)"},{"type":"checkbox","id":"show_featured_product_menu_9","label":"Enable","default":true},{"type":"collection","id":"menu_featured_product_list_collection_9","label":"Collection to use"},{"type":"text","id":"menu_featured_product_title_9","label":"Title","default":"Featured Products"},{"type":"paragraph","content":"Block Image (used for Style 2)"},{"type":"image","id":"dropdown_9_menu_image_1.jpg","label":"Upload a new image","max-width":500,"info":"224px x 165px recommended"},{"type":"text","id":"dropdown_9_menu_link_image_1","label":"Link image"},{"type":"paragraph","content":"Block Image 2 (used for Style 2)"},{"type":"image","id":"dropdown_9_menu_image_2.jpg","label":"Upload a new image","max-width":500,"info":"224px x 165px recommended"},{"type":"text","id":"dropdown_9_menu_link_image_2","label":"Link image 2"},{"type":"paragraph","content":"Block Image 3 (used for Style 1, 2, 4)"},{"type":"image","id":"dropdown_9_menu_image_3.jpg","label":"Upload a new image","max-width":500,"info":"224px x 337px recommended"},{"type":"text","id":"dropdown_9_menu_link_image_3","label":"Link image 3"},{"type":"header","content":"Dropdown Mega Menu 10"},{"type":"select","id":"style_dropdown_mega_menu_10","label":"Style for Dropdown Mega Menu 10","options":[{"value":"style_1","label":"Style 1"},{"value":"style_2","label":"Style 2"},{"value":"style_3","label":"Style 3"},{"value":"style_4","label":"Style 4"}]},{"type":"paragraph","content":"Featured Product in Mega Menu 10 (used for Style 1)"},{"type":"checkbox","id":"show_featured_product_menu_10","label":"Enable","default":true},{"type":"collection","id":"menu_featured_product_list_collection_10","label":"Collection to use"},{"type":"text","id":"menu_featured_product_title_10","label":"Title","default":"Featured Products"},{"type":"paragraph","content":"Block Image (used for Style 2)"},{"type":"image","id":"dropdown_10_menu_image_1.jpg","label":"Upload a new image","max-width":500,"info":"224px x 165px recommended"},{"type":"text","id":"dropdown_10_menu_link_image_1","label":"Link image"},{"type":"paragraph","content":"Block Image 2 (used for Style 2)"},{"type":"image","id":"dropdown_10_menu_image_2.jpg","label":"Upload a new image","max-width":500,"info":"224px x 165px recommended"},{"type":"text","id":"dropdown_10_menu_link_image_2","label":"Link image 2"},{"type":"paragraph","content":"Block Image 3 (used for Style 1, 2, 4)"},{"type":"image","id":"dropdown_10_menu_image_3.jpg","label":"Upload a new image","max-width":500,"info":"224px x 337px recommended"},{"type":"text","id":"dropdown_10_menu_link_image_3","label":"Link image 3"}]},{"name":"Home Page","settings":[{"type":"header","content":"Home Page New Arrivals Products"},{"type":"checkbox","id":"show_product_list_home_page","label":"Enable","default":true},{"type":"collection","id":"product_list_collection","label":"Collection to use"},{"type":"text","id":"product_list_title","label":"Title","default":"New Arrivals"},{"type":"text","id":"product_list_limit_all","label":"Number of new products to show","default":"30"},{"type":"checkbox","id":"display_infinite_scrolling_homepage","label":"Display Show More Button?","default":true},{"type":"text","id":"product_list_limit","label":"Number of products to show at one time","default":"10"},{"type":"select","id":"collection_results_per_row1","label":"Products per row","options":[{"value":"3","label":"3"},{"value":"4","label":"4"},{"value":"5","label":"5"},{"value":"6","label":"6"}],"default":"5"},{"type":"header","content":"Block Banner Header"},{"type":"checkbox","id":"display_bannera","label":"Block Banner Home Page?","default":true},{"type":"image","id":"bannera.jpg","label":"Banner Image","max-width":2048},{"type":"text","id":"bannera_text_title","label":"Block Banner Title","default":"Milancelos"},{"type":"text","id":"bannera_button_link","label":"Block Banner Link","default":"\/collections\/"},{"type":"header","content":"Block Banner Home Page Top"},{"type":"checkbox","id":"display_banners","label":"Block Banner Home Page?","default":true},{"type":"image","id":"banners.jpg","label":"Banner Image","max-width":2048},{"type":"text","id":"banners_text_title","label":"Block Banner Title","default":"Milancelos"},{"type":"color","id":"banners_text_title_color","label":"Title Color","default":"#000"},{"type":"text","id":"banners_text_description","label":"Block Banner Description","default":"Pellentesque posuere orci lobortis scelerisque blandit. Donec id tellus lacinia an, tincidunt risus ac, consequat velit. Quisquemos sodales suscipit tortor ditaemcos condimentum lacus meleifend menean viverra auctor blanditos comodous."},{"type":"text","id":"banners_button_text","label":"Block Banner Button","default":"Shop The Collection"},{"type":"text","id":"banners_button_link","label":"Block Banner Link","default":"\/collections\/"},{"type":"header","content":"Block Banner Home Page Middle"},{"type":"checkbox","id":"display_banner","label":"Block Banner Home Page?","default":true},{"type":"image","id":"banner.jpg","label":"Banner Image","max-width":2048},{"type":"text","id":"banner_text_title","label":"Block Banner Title","default":"Milancelos"},{"type":"text","id":"banner_text_description","label":"Block Banner Description","default":"Pellentesque posuere orci lobortis scelerisque blandit. Donec id tellus lacinia an, tincidunt risus ac, consequat velit. Quisquemos sodales suscipit tortor ditaemcos condimentum lacus meleifend menean viverra auctor blanditos comodous."},{"type":"text","id":"banner_button_text","label":"Block Banner Button","default":"Shop The Collection"},{"type":"text","id":"banner_button_link","label":"Block Banner Link","default":"\/collections\/"},{"type":"header","content":"Block Banner Home Page Bottom"},{"type":"checkbox","id":"display_bannerx","label":"Block Banner Home Page?","default":true},{"type":"image","id":"bannerx.jpg","label":"Banner Image","max-width":2048},{"type":"text","id":"bannerx_text_title","label":"Block Banner Title","default":"Milancelos"},{"type":"text","id":"bannerx_text_description","label":"Block Banner Description","default":"Pellentesque posuere orci lobortis scelerisque blandit. Donec id tellus lacinia an, tincidunt risus ac, consequat velit. Quisquemos sodales suscipit tortor ditaemcos condimentum lacus meleifend menean viverra auctor blanditos comodous."},{"type":"text","id":"bannerx_button_text","label":"Block Banner Button","default":"Shop The Collection"},{"type":"text","id":"bannerx_button_link","label":"Block Banner Link","default":"\/collections\/"},{"type":"header","content":"Home Page Trending Now Slider"},{"type":"checkbox","id":"show_slider_trending","label":"Enable","default":true},{"type":"collection","id":"show_slider_trending_collection","label":"Collection to use"},{"type":"text","id":"slider_trending_title","label":"Title","default":"Trending Now"},{"type":"text","id":"slider_trending_limit_all","label":"Number of products to show","default":"10"},{"type":"select","id":"trending_collection_results_per_row","label":"Products per row","options":[{"value":"3","label":"3"},{"value":"4","label":"4"},{"value":"5","label":"5"},{"value":"6","label":"6"}],"default":"5"},{"type":"header","content":"Three Banner Bottom"},{"type":"checkbox","id":"display_three_banner_bottom","label":"Display Three Banner Bottom?","default":true},{"type":"text","id":"banner_home_bottom_title","label":"Title","default":"#Featured On Ella"},{"type":"color","id":"three_banner_bottom_title_color","label":"Banner Title Color","default":"#000","info":"Default Value: #000"},{"type":"text","id":"three_banner_bottom_title_size","label":"Banner Title Size","default":"20","info":"Default Value: 20"},{"type":"color","id":"three_banner_bottom_description_color","label":"Banner Description Color","default":"#2d2d2d","info":"Default Value: #2d2d2d"},{"type":"text","id":"three_banner_bottom_description_size","label":"Banner Description Size","default":"12","info":"Default Value: 12"},{"type":"image","id":"banner-home-bottom-1.jpg","label":"Banner Image 1","max-width":580,"info":"Width: 380px recommended"},{"type":"checkbox","id":"display_banner_title_1","label":"Display Banner Title 1?","default":true},{"type":"text","id":"three_banner_bottom_title_1","label":"Banner Title 1","default":"Lorem Et Dorus"},{"type":"color","id":"three_banner_bottom_title_color_1","label":"Banner Title Color 1","default":"#000","info":"Default Value: #000"},{"type":"text","id":"three_banner_bottom_title_size_1","label":"Banner Title Size 1","default":"20","info":"Default Value: 20"},{"type":"checkbox","id":"display_banner_description_1","label":"Display Banner Description 1?","default":true},{"type":"text","id":"three_banner_bottom_description_1","label":"Banner Description 1","default":"Nullam aliquet vestibulum augue non varius. Cras nec congue elitos. Duis tristique del ante nec aliquam. Praesent urna tellus laoreet an tellus ullamcorper fermentum facilisis eratum."},{"type":"color","id":"three_banner_bottom_description_color_1","label":"Banner Description Color 1","default":"#2d2d2d","info":"Default Value: #2d2d2d"},{"type":"text","id":"three_banner_bottom_description_size_1","label":"Banner Description Size 1","default":"12","info":"Default Value: 12"},{"type":"checkbox","id":"display_banner_button_1","label":"Display Banner Button 1?","default":true},{"type":"text","id":"three_banner_bottom_button_text_1","label":"Banner Button Text 1","default":"Shop Now"},{"type":"text","id":"three_banner_bottom_link_1","label":"Banner Link 1"},{"type":"image","id":"banner-home-bottom-2.jpg","label":"Banner Image 2","max-width":580,"info":"Width: 380px recommended"},{"type":"checkbox","id":"display_banner_title_2","label":"Display Banner Title 2?","default":true},{"type":"text","id":"three_banner_bottom_title_2","label":"Banner Title 2","default":"Milancelos A Lanos"},{"type":"color","id":"three_banner_bottom_title_color_2","label":"Banner Title Color 2","default":"#000","info":"Default Value: #000"},{"type":"text","id":"three_banner_bottom_title_size_2","label":"Banner Title Size 2","default":"20","info":"Default Value: 20"},{"type":"checkbox","id":"display_banner_description_2","label":"Display Banner Description 2?","default":true},{"type":"text","id":"three_banner_bottom_description_2","label":"Banner Description 2","default":"Nullam aliquet vestibulum augue non varius. Cras nec congue elitos. Duis tristique del ante nec aliquam. Praesent urna tellus laoreet an tellus ullamcorper fermentum facilisis eratum."},{"type":"color","id":"three_banner_bottom_description_color_2","label":"Banner Description Color 2","default":"#2d2d2d","info":"Default Value: #2d2d2d"},{"type":"text","id":"three_banner_bottom_description_size_2","label":"Banner Description Size 2","default":"12","info":"Default Value: 12"},{"type":"checkbox","id":"display_banner_button_2","label":"Display Banner Button 2?","default":true},{"type":"text","id":"three_banner_bottom_button_text_2","label":"Banner Button Text 2","default":"Shop Now"},{"type":"text","id":"three_banner_bottom_link_2","label":"Banner Link 2"},{"type":"image","id":"banner-home-bottom-3.jpg","label":"Banner Image 3","max-width":580,"info":"Width: 380px recommended"},{"type":"checkbox","id":"display_banner_title_3","label":"Display Banner Title 3?","default":true},{"type":"text","id":"three_banner_bottom_title_3","label":"Banner Title 3","default":"Comos De Milano"},{"type":"color","id":"three_banner_bottom_title_color_3","label":"Banner Title Color 3","default":"#000","info":"Default Value: #000"},{"type":"text","id":"three_banner_bottom_title_size_3","label":"Banner Title Size 3","default":"20","info":"Default Value: 20"},{"type":"checkbox","id":"display_banner_description_3","label":"Display Banner Description 3?","default":true},{"type":"text","id":"three_banner_bottom_description_3","label":"Banner Description 3","default":"Nullam aliquet vestibulum augue non varius. Cras nec congue elitos. Duis tristique del ante nec aliquam. Praesent urna tellus laoreet an tellus ullamcorper fermentum facilisis eratum."},{"type":"color","id":"three_banner_bottom_description_color_3","label":"Banner Description Color 3","default":"#2d2d2d","info":"Default Value: #2d2d2d"},{"type":"text","id":"three_banner_bottom_description_size_3","label":"Banner Description Size 3","default":"12","info":"Default Value: 12"},{"type":"checkbox","id":"display_banner_button_3","label":"Display Banner Button 3?","default":true},{"type":"text","id":"three_banner_bottom_button_text_3","label":"Banner Button Text 3","default":"Shop Now"},{"type":"text","id":"three_banner_bottom_link_3","label":"Banner Link 3"}]},{"name":"Home — Slideshow","settings":[{"type":"paragraph","content":"IMPORTANT: For best results, upload images that are at least 1880px wide. Try to keep your slideshow images the same size."},{"type":"checkbox","id":"display_slideshow","label":"Enable slideshow?","default":true},{"type":"select","id":"slideshow_speed","label":"Show slideshow images for","options":[{"value":"8000","label":"8 seconds"},{"value":"7000","label":"7 seconds"},{"value":"6000","label":"6 seconds"},{"value":"5000","label":"5 seconds"},{"value":"4000","label":"4 seconds"},{"value":"3000","label":"3 seconds"},{"value":"2000","label":"2 seconds"},{"value":"1000","label":"1 seconds"}],"default":"5000"},{"type":"select","id":"slideshow_transition","label":"Slideshow transition effect:","options":[{"value":"slide","label":"Slide"},{"value":"fade","label":"Fade"}],"default":"fade"},{"type":"color","id":"slide_heading_color","label":"Heading color for all image","default":"#000","info":"Default Value: #000"},{"type":"text","id":"slide_heading_size","label":"Heading size for all image","default":"40","info":"Default Value: 40"},{"type":"color","id":"slide_text_color","label":"Text color for all image","default":"#2d2d2d","info":"Default Value: #2d2d2d"},{"type":"text","id":"slide_text_size","label":"Text size for all image","default":"12","info":"Default Value: 12"},{"type":"radio","id":"display_slideshow_1","label":"Display Slideshow 1?","options":[{"value":"video","label":"Video"},{"value":"image","label":"Image"},{"value":"none","label":"None"}],"default":"none"},{"type":"text","id":"video_1","label":"Embeded Video 1"},{"type":"image","id":"slideshow_1.jpg","label":"Slideshow Image 1","max-width":2048},{"type":"text","id":"image_1_link","label":"URL for Image 1 click"},{"type":"text","id":"image_1_alt","label":"ALT text for Image 1","default":"Lorem a Cosmo"},{"type":"text","id":"slide-heading_1","label":"Heading for Image 1","default":"Lorem a Cosmo"},{"type":"color","id":"slide_heading_color_1","label":"Heading color for Image 1","default":"#000","info":"Default Value: #000"},{"type":"text","id":"slide_heading_size_1","label":"Heading size for Image 1","default":"40","info":"Default Value: 40"},{"type":"text","id":"slide-text_1","label":"Text for Image 1","default":"Pellentesque posuere orci lobortis scelerisque blandit. Donec id tellus lacinia an, tincidunt risus ac, consequat velit. Quisquemos sodales suscipit tortor ditaemcos condimentum lacus meleifend menean viverra auctor blanditos comodous."},{"type":"color","id":"slide_text_color_1","label":"Text color for Image 1","default":"#2d2d2d","info":"Default Value: #2d2d2d"},{"type":"text","id":"slide_text_size_1","label":"Text size for Image 1","default":"12","info":"Default Value: 12"},{"type":"text","id":"button-text_1","label":"Button Text for Image 1","default":"Shop The Collection"},{"type":"select","id":"text_align_slide_1","label":"Text Align Slideshow 1","options":[{"value":"center","label":"Center"},{"value":"left","label":"Left"},{"value":"right","label":"Right"}],"default":"center","info":"Default Value: Center"},{"type":"radio","id":"display_slideshow_2","label":"Display Slideshow 2?","options":[{"value":"video","label":"Video"},{"value":"image","label":"Image"},{"value":"none","label":"None"}],"default":"none"},{"type":"text","id":"video_2","label":"Embeded Video 2"},{"type":"image","id":"slideshow_2.jpg","label":"Slideshow Image 2","max-width":2048},{"type":"text","id":"image_2_link","label":"URL for Image 2 click"},{"type":"text","id":"image_2_alt","label":"ALT text for Image 2","default":"Up to 30%* Off"},{"type":"text","id":"slide-heading_2","label":"Heading for Image 2","default":"Up to 30%* Off"},{"type":"color","id":"slide_heading_color_2","label":"Heading color for Image 2","default":"#fff","info":"Default Value: #fff"},{"type":"text","id":"slide_heading_size_2","label":"Heading size for Image 2","default":"40","info":"Default Value: 40"},{"type":"text","id":"slide-text_2","label":"Text for Image 2","default":"Praesent dapibus eleifend eu a justomos de milancelos"},{"type":"color","id":"slide_text_color_2","label":"Text color for Image 2","default":"#fff","info":"Default Value: #fff"},{"type":"text","id":"slide_text_size_2","label":"Text size for Image 2","default":"12","info":"Default Value: 12"},{"type":"text","id":"button-text_2","label":"Button Text for Image 2","default":"Shop Now"},{"type":"select","id":"text_align_slide_2","label":"Text Align Slideshow 2","options":[{"value":"center","label":"Center"},{"value":"left","label":"Left"},{"value":"right","label":"Right"}],"default":"center","info":"Default Value: Center"},{"type":"radio","id":"display_slideshow_3","label":"Display Slideshow 3?","options":[{"value":"video","label":"Video"},{"value":"image","label":"Image"},{"value":"none","label":"None"}],"default":"none"},{"type":"text","id":"video_3","label":"Embeded Video 3"},{"type":"image","id":"slideshow_3.jpg","label":"Slideshow Image 3","max-width":2048},{"type":"text","id":"image_3_link","label":"URL for Image 3 click"},{"type":"text","id":"image_3_alt","label":"ALT text for Image 3","default":"Loremous"},{"type":"text","id":"slide-heading_3","label":"Heading for Image 3","default":"Loremous"},{"type":"color","id":"slide_heading_color_3","label":"Heading color for Image 3","default":"#000","info":"Default Value: #000"},{"type":"text","id":"slide_heading_size_3","label":"Heading size for Image 3","default":"40","info":"Default Value: 40"},{"type":"text","id":"slide-text_3","label":"Text for Image 3","default":"Pellentesque posuere orci lobortis scelerisque blandit. Donec id tellus lacinia an, tincidunt risus ac, consequat velit. Quisquemos sodales suscipit tortor ditaemcos condimentum lacus meleifend menean viverra auctor blanditos comodous."},{"type":"color","id":"slide_text_color_3","label":"Text color for Image 3","default":"#2d2d2d","info":"Default Value: #2d2d2d"},{"type":"text","id":"slide_text_size_3","label":"Text size for Image 3","default":"12","info":"Default Value: 12"},{"type":"text","id":"button-text_3","label":"Button Text for Image 3","default":"Shop The Collection"},{"type":"select","id":"text_align_slide_3","label":"Text Align Slideshow 3","options":[{"value":"center","label":"Center"},{"value":"left","label":"Left"},{"value":"right","label":"Right"}],"default":"center","info":"Default Value: Center"},{"type":"radio","id":"display_slideshow_4","label":"Display Slideshow 4?","options":[{"value":"video","label":"Video"},{"value":"image","label":"Image"},{"value":"none","label":"None"}],"default":"none"},{"type":"text","id":"video_4","label":"Embeded Video 4"},{"type":"image","id":"slideshow_4.jpg","label":"Slideshow Image 4","max-width":2048},{"type":"text","id":"image_4_link","label":"URL for Image 4 click"},{"type":"text","id":"image_4_alt","label":"ALT text for Image 4"},{"type":"text","id":"slide-heading_4","label":"Heading for Image 4"},{"type":"color","id":"slide_heading_color_4","label":"Heading color for Image 4","default":"#fff","info":"Default Value: #fff"},{"type":"text","id":"slide_heading_size_4","label":"Heading size for Image 4","default":"40","info":"Default Value: 40"},{"type":"text","id":"slide-text_4","label":"Text for Image 4"},{"type":"color","id":"slide_text_color_4","label":"Text color for Image 4","default":"#fff","info":"Default Value: #fff"},{"type":"text","id":"slide_text_size_4","label":"Text size for Image 4","default":"12","info":"Default Value: 12"},{"type":"text","id":"button-text_4","label":"Button Text for Image 4"},{"type":"select","id":"text_align_slide_4","label":"Text Align Slideshow 4","options":[{"value":"center","label":"Center"},{"value":"left","label":"Left"},{"value":"right","label":"Right"}],"default":"center","info":"Default Value: Center"},{"type":"radio","id":"display_slideshow_5","label":"Display Slideshow 5?","options":[{"value":"video","label":"Video"},{"value":"image","label":"Image"},{"value":"none","label":"None"}],"default":"none"},{"type":"text","id":"video_5","label":"Embeded Video 5"},{"type":"image","id":"slideshow_5.jpg","label":"Slideshow Image 5","max-width":2048},{"type":"text","id":"image_5_link","label":"URL for Image 5 click"},{"type":"text","id":"image_5_alt","label":"ALT text for Image 5"},{"type":"text","id":"slide-heading_5","label":"Heading for Image 5"},{"type":"color","id":"slide_heading_color_5","label":"Heading color for Image 5","default":"#fff","info":"Default Value: #fff"},{"type":"text","id":"slide_heading_size_5","label":"Heading size for Image 5","default":"40","info":"Default Value: 40"},{"type":"text","id":"slide-text_5","label":"Text for Image 5"},{"type":"color","id":"slide_text_color_5","label":"Text color for Image 5","default":"#fff","info":"Default Value: #fff"},{"type":"text","id":"slide_text_size_5","label":"Text size for Image 5","default":"12","info":"Default Value: 12"},{"type":"text","id":"button-text_5","label":"Button Text for Image 5"},{"type":"select","id":"text_align_slide_5","label":"Text Align Slideshow 5","options":[{"value":"center","label":"Center"},{"value":"left","label":"Left"},{"value":"right","label":"Right"}],"default":"center","info":"Default Value: Center"},{"type":"radio","id":"display_slideshow_6","label":"Display Slideshow 6?","options":[{"value":"video","label":"Video"},{"value":"image","label":"Image"},{"value":"none","label":"None"}],"default":"none"},{"type":"text","id":"video_6","label":"Embeded Video 6"},{"type":"image","id":"slideshow_6.jpg","label":"Slideshow Image 6","max-width":2048},{"type":"text","id":"image_6_link","label":"URL for Image 6 click"},{"type":"text","id":"image_6_alt","label":"ALT text for Image 6"},{"type":"text","id":"slide-heading_6","label":"Heading for Image 6"},{"type":"color","id":"slide_heading_color_6","label":"Heading color for Image 6","default":"#fff","info":"Default Value: #fff"},{"type":"text","id":"slide_heading_size_6","label":"Heading size for Image 6","default":"40","info":"Default Value: 40"},{"type":"text","id":"slide-text_6","label":"Text for Image 6"},{"type":"color","id":"slide_text_color_6","label":"Text color for Image 6","default":"#fff","info":"Default Value: #fff"},{"type":"text","id":"slide_text_size_6","label":"Text size for Image 6","default":"12","info":"Default Value: 12"},{"type":"text","id":"button-text_6","label":"Button Text for Image 6"},{"type":"select","id":"text_align_slide_6","label":"Text Align Slideshow 6","options":[{"value":"center","label":"Center"},{"value":"left","label":"Left"},{"value":"right","label":"Right"}],"default":"center","info":"Default Value: Center"},{"type":"radio","id":"display_slideshow_7","label":"Display Slideshow 7?","options":[{"value":"video","label":"Video"},{"value":"image","label":"Image"},{"value":"none","label":"None"}],"default":"none"},{"type":"text","id":"video_7","label":"Embeded Video 7"},{"type":"image","id":"slideshow_7.jpg","label":"Slideshow Image 7","max-width":2048},{"type":"text","id":"image_7_link","label":"URL for Image 7 click"},{"type":"text","id":"image_7_alt","label":"ALT text for Image 7"},{"type":"text","id":"slide-heading_7","label":"Heading for Image 7"},{"type":"color","id":"slide_heading_color_7","label":"Heading color for Image 7","default":"#fff","info":"Default Value: #fff"},{"type":"text","id":"slide_heading_size_7","label":"Heading size for Image 7","default":"40","info":"Default Value: 40"},{"type":"text","id":"slide-text_7","label":"Text for Image 7"},{"type":"color","id":"slide_text_color_7","label":"Text color for Image 7","default":"#fff","info":"Default Value: #fff"},{"type":"text","id":"slide_text_size_7","label":"Text size for Image 7","default":"12","info":"Default Value: 12"},{"type":"text","id":"button-text_7","label":"Button Text for Image 7"},{"type":"select","id":"text_align_slide_7","label":"Text Align Slideshow 7","options":[{"value":"center","label":"Center"},{"value":"left","label":"Left"},{"value":"right","label":"Right"}],"default":"center","info":"Default Value: Center"},{"type":"radio","id":"display_slideshow_8","label":"Display Slideshow 8?","options":[{"value":"video","label":"Video"},{"value":"image","label":"Image"},{"value":"none","label":"None"}],"default":"none"},{"type":"text","id":"video_8","label":"Embeded Video 8"},{"type":"image","id":"slideshow_8.jpg","label":"Slideshow Image 8","max-width":2048},{"type":"text","id":"image_8_link","label":"URL for Image 8 click"},{"type":"text","id":"image_8_alt","label":"ALT text for Image 8"},{"type":"text","id":"slide-heading_8","label":"Heading for Image 8"},{"type":"color","id":"slide_heading_color_8","label":"Heading color for Image 8","default":"#fff","info":"Default Value: #fff"},{"type":"text","id":"slide_heading_size_8","label":"Heading size for Image 8","default":"40","info":"Default Value: 40"},{"type":"text","id":"slide-text_8","label":"Text for Image 8"},{"type":"color","id":"slide_text_color_8","label":"Text color for Image 8","default":"#fff","info":"Default Value: #fff"},{"type":"text","id":"slide_text_size_8","label":"Text size for Image 8","default":"12","info":"Default Value: 12"},{"type":"text","id":"button-text_8","label":"Button Text for Image 8"},{"type":"select","id":"text_align_slide_8","label":"Text Align Slideshow 8","options":[{"value":"center","label":"Center"},{"value":"left","label":"Left"},{"value":"right","label":"Right"}],"default":"center","info":"Default Value: Center"},{"type":"radio","id":"display_slideshow_9","label":"Display Slideshow 9?","options":[{"value":"video","label":"Video"},{"value":"image","label":"Image"},{"value":"none","label":"None"}],"default":"none"},{"type":"text","id":"video_9","label":"Embeded Video 9"},{"type":"image","id":"slideshow_9.jpg","label":"Slideshow Image 9","max-width":2048},{"type":"text","id":"image_9_link","label":"URL for Image 9 click"},{"type":"text","id":"image_9_alt","label":"ALT text for Image 9"},{"type":"text","id":"slide-heading_9","label":"Heading for Image 9"},{"type":"color","id":"slide_heading_color_9","label":"Heading color for Image 9","default":"#fff","info":"Default Value: #fff"},{"type":"text","id":"slide_heading_size_9","label":"Heading size for Image 9","default":"40","info":"Default Value: 40"},{"type":"text","id":"slide-text_9","label":"Text for Image 9"},{"type":"color","id":"slide_text_color_9","label":"Text color for Image 9","default":"#fff","info":"Default Value: #fff"},{"type":"text","id":"slide_text_size_9","label":"Text size for Image 9","default":"12","info":"Default Value: 12"},{"type":"text","id":"button-text_9","label":"Button Text for Image 9"},{"type":"select","id":"text_align_slide_9","label":"Text Align Slideshow 9","options":[{"value":"center","label":"Center"},{"value":"left","label":"Left"},{"value":"right","label":"Right"}],"default":"center","info":"Default Value: Center"},{"type":"radio","id":"display_slideshow_10","label":"Display Slideshow 10?","options":[{"value":"video","label":"Video"},{"value":"image","label":"Image"},{"value":"none","label":"None"}],"default":"none"},{"type":"text","id":"video_10","label":"Embeded Video 10"},{"type":"image","id":"slideshow_10.jpg","label":"Slideshow Image 10","max-width":2048},{"type":"text","id":"image_10_link","label":"URL for Image 10 click"},{"type":"text","id":"image_10_alt","label":"ALT text for Image 10"},{"type":"text","id":"slide-heading_10","label":"Heading for Image 10"},{"type":"color","id":"slide_heading_color_10","label":"Heading color for Image 10","default":"#fff","info":"Default Value: #fff"},{"type":"text","id":"slide_heading_size_10","label":"Heading size for Image 10","default":"40","info":"Default Value: 40"},{"type":"text","id":"slide-text_10","label":"Text for Image 10"},{"type":"color","id":"slide_text_color_10","label":"Text color for Image 10","default":"#fff","info":"Default Value: #fff"},{"type":"text","id":"slide_text_size_10","label":"Text size for Image 10","default":"12","info":"Default Value: 12"},{"type":"text","id":"button-text_10","label":"Button Text for Image 10"},{"type":"select","id":"text_align_slide_10","label":"Text Align Slideshow 10","options":[{"value":"center","label":"Center"},{"value":"left","label":"Left"},{"value":"right","label":"Right"}],"default":"center","info":"Default Value: Center"}]},{"name":"Popup Newsletter","settings":[{"type":"checkbox","id":"display_popup_newsletter","label":"Display Popup Newsletter?","default":true},{"type":"image","id":"bg_newsletter.jpg","label":"Upload a new newsletter image","max-width":2000,"max-height":2000},{"type":"text","id":"popup_newsletter_title","label":"Popup Newsletter Title"},{"type":"text","id":"popup_newsletter_sub_title","label":"Popup Newsletter Sub Title"},{"type":"text","id":"popup_newsletter_message","label":"Popup Newsletter Message"},{"type":"header","content":"Social"},{"type":"checkbox","id":"display_popup_social","label":"Display Popup Newsletter?","default":true},{"type":"checkbox","id":"display_popup_social_1","label":"Display FaceBook Icon ?","default":true},{"type":"text","id":"popup_social_1_link","label":"FaceBook Link"},{"type":"checkbox","id":"display_popup_social_2","label":"Display Twitter Icon?","default":true},{"type":"text","id":"popup_social_2_link","label":"Twitter Link"},{"type":"checkbox","id":"display_popup_social_3","label":"Display Google + Icon?","default":true},{"type":"text","id":"popup_social_3_link","label":"Google + Link"},{"type":"checkbox","id":"display_popup_social_4","label":"Display RSS Icon?","default":true},{"type":"text","id":"popup_social_4_link","label":"RSS Link"},{"type":"checkbox","id":"display_popup_social_5","label":"Display Pinterest Icon?","default":true},{"type":"text","id":"popup_social_5_link","label":"Pinterest Link"},{"type":"checkbox","id":"display_popup_social_6","label":"Display Instagram Icon?","default":true},{"type":"text","id":"popup_social_6_link","label":"Instagram Link"}]},{"name":"Sidebar","settings":[{"type":"checkbox","id":"display_sidebar_cat_page","label":"Enable Sidebar at Category Page","default":true},{"type":"checkbox","id":"display_sidebar_detail_page","label":"Enable Sidebar at Detail Page","default":true},{"type":"checkbox","id":"display_sidebar_blog_page","label":"Enable Sidebar at Blog Page","default":true},{"type":"radio","id":"show_sidebar","label":"Show sidebar on the","options":[{"value":"left","label":"Left"},{"value":"right","label":"Right"}],"default":"right"},{"type":"header","content":"Categories"},{"type":"checkbox","id":"display_sidebar_categories","label":"Enable at Category Page","default":true},{"type":"checkbox","id":"display_sidebar_categories_detail","label":"Enable at Detail Page","default":true},{"type":"text","id":"sidebar_categories_title","label":"Categories Block Title","default":"Categories"},{"type":"radio","id":"style_categories","label":"Show all \/ Only a few categories","options":[{"value":"style_show_all","label":"Show all"},{"value":"style_little","label":"Only a few categories"}]},{"type":"textarea","id":"categories_items","label":"List of categories","info":"Use \",\" to separate categories items if you have multiple categories. For ex: Shop, Collections"},{"type":"header","content":"Multiple choices"},{"type":"checkbox","id":"enable_sidebar_multiple_choice","label":"Enable","default":true,"info":"User can select multiple colors (size, brand...) or only one color (size, brand...)?"},{"type":"header","content":"Block Refined By"},{"type":"header","content":"Shop by Color"},{"type":"checkbox","id":"enable_shop_by_tags_1","label":"Enable","default":true},{"type":"text","id":"shop_by_tags_1_title","label":"Shop by tags 1 title","default":"Shop By Color","info":"i.e \"Shop by Color\"."},{"type":"text","id":"shop_by_color_text_1","label":"Shop by color text 1","default":"Beige","info":"i.e \"Red\"."},{"type":"image","id":"color-1.png","label":"Shop by color image 1","max-width":200,"max-height":200},{"type":"text","id":"shop_by_color_text_2","label":"Shop by color text 2","default":"Red"},{"type":"image","id":"color-2.png","label":"Shop by color image 2","max-width":200,"max-height":200},{"type":"text","id":"shop_by_color_text_3","label":"Shop by color text 3","default":"White"},{"type":"image","id":"color-3.png","label":"Shop by color image 3","max-width":200,"max-height":200},{"type":"text","id":"shop_by_color_text_4","label":"Shop by color text 4","default":"Pink"},{"type":"image","id":"color-4.png","label":"Shop by color image 4","max-width":200,"max-height":200},{"type":"text","id":"shop_by_color_text_5","label":"Shop by color text 5","default":"Silver"},{"type":"image","id":"color-5.png","label":"Shop by color image 5","max-width":200,"max-height":200},{"type":"text","id":"shop_by_color_text_6","label":"Shop by color text 6","default":"Blue"},{"type":"image","id":"color-6.png","label":"Shop by color image 6","max-width":200,"max-height":200},{"type":"text","id":"shop_by_color_text_7","label":"Shop by color text 7","default":"Gray"},{"type":"image","id":"color-7.png","label":"Shop by color image 7","max-width":200,"max-height":200},{"type":"text","id":"shop_by_color_text_8","label":"Shop by color text 8","default":"Black"},{"type":"image","id":"color-8.png","label":"Shop by color image 8","max-width":200,"max-height":200},{"type":"text","id":"shop_by_color_text_9","label":"Shop by color text 9","default":"Green"},{"type":"image","id":"color-9.png","label":"Shop by color image 9","max-width":200,"max-height":200},{"type":"text","id":"shop_by_color_text_10","label":"Shop by color text 10"},{"type":"image","id":"color-10.png","label":"Shop by color image 10","max-width":200,"max-height":200},{"type":"text","id":"shop_by_color_text_11","label":"Shop by color text 11"},{"type":"image","id":"color-11.png","label":"Shop by color image 11","max-width":200,"max-height":200},{"type":"text","id":"shop_by_color_text_12","label":"Shop by color text 12"},{"type":"image","id":"color-12.png","label":"Shop by color image 12","max-width":200,"max-height":200},{"type":"text","id":"shop_by_color_text_13","label":"Shop by color text 13"},{"type":"image","id":"color-13.png","label":"Shop by color image 13","max-width":200,"max-height":200},{"type":"text","id":"shop_by_color_text_14","label":"Shop by color text 14"},{"type":"image","id":"color-14.png","label":"Shop by color image 14","max-width":200,"max-height":200},{"type":"text","id":"shop_by_color_text_15","label":"Shop by color text 15"},{"type":"image","id":"color-15.png","label":"Shop by color image 15","max-width":200,"max-height":200},{"type":"text","id":"shop_by_color_text_16","label":"Shop by color text 16"},{"type":"image","id":"color-16.png","label":"Shop by color image 16","max-width":200,"max-height":200},{"type":"text","id":"shop_by_color_text_17","label":"Shop by color text 17"},{"type":"image","id":"color-17.png","label":"Shop by color image 17","max-width":200,"max-height":200},{"type":"text","id":"shop_by_color_text_18","label":"Shop by color text 18"},{"type":"image","id":"color-18.png","label":"Shop by color image 18","max-width":200,"max-height":200},{"type":"text","id":"shop_by_color_text_19","label":"Shop by color text 19"},{"type":"image","id":"color-19.png","label":"Shop by color image 19","max-width":200,"max-height":200},{"type":"text","id":"shop_by_color_text_20","label":"Shop by color text 20"},{"type":"image","id":"color-20.png","label":"Shop by color image 20","max-width":200,"max-height":200},{"type":"header","content":"Shop by Size"},{"type":"checkbox","id":"enable_shop_by_tags_2","label":"Enable","default":true},{"type":"text","id":"shop_by_tags_2_title","label":"Shop by tags 2 title","default":"Shop By Size","info":"i.e \"Shop by Size\"."},{"type":"textarea","id":"shop_by_tags_2_list_tags","label":"Shop by tags 2 list","info":"Separate by a comma, i.e \"XS, S, M, L, XL\"."},{"type":"header","content":"Shop by Price"},{"type":"checkbox","id":"enable_shop_by_tags_3","label":"Enable","default":true},{"type":"text","id":"shop_by_tags_3_title","label":"Shop by tags 3 title","info":"i.e \"Shop by Price\"."},{"type":"textarea","id":"shop_by_tags_3_list_tags","label":"Shop by tags 3 list","info":"Separate by a comma, i.e \"$100 - $300, $300 - $500\"."},{"type":"header","content":"Shop by Brand"},{"type":"checkbox","id":"enable_shop_by_tags_4","label":"Enable","default":true},{"type":"text","id":"shop_by_tags_4_title","label":"Shop by tags 4 title","info":"i.e \"Shop by Brand\"."},{"type":"textarea","id":"shop_by_tags_4_list_tags","label":"Shop by tags 4 list","info":"Separate by a comma, i.e \"Dior, Chanel...\"."},{"type":"header","content":"Featured Products Sidebar"},{"type":"checkbox","id":"show_featured_product","label":"Enable at Category Page","default":true},{"type":"checkbox","id":"show_featured_product_detail","label":"Enable at Detail Page","default":true},{"type":"collection","id":"featured_product_list_collection","label":"Collection to use"},{"type":"text","id":"featured_product_title","label":"Title","default":"Featured Products"},{"type":"text","id":"featured_product_limit_all","label":"Number of products to show","default":"8"},{"type":"header","content":"Block Banner Sidebar"},{"type":"checkbox","id":"display_banner_sidebar","label":"Enable at Category Page","default":true},{"type":"checkbox","id":"display_banner_sidebar_detail","label":"Enable at Detail Page","default":true},{"type":"checkbox","id":"display_banner_sidebar_blog","label":"Enable at Blog Page","default":true},{"type":"image","id":"banner-sidebar.jpg","label":"Banner Image Sidebar","max-width":1180},{"type":"text","id":"banner_sidebar_link","label":"Banner Image Link"},{"type":"header","content":"Custom CMS Block Sidebar"},{"type":"checkbox","id":"display_sidebar_custom","label":"Enable at Category Page","default":true},{"type":"checkbox","id":"display_sidebar_custom_detail","label":"Enable at Detail Page","default":true},{"type":"checkbox","id":"display_sidebar_custom_blog","label":"Enable at Blog Page","default":true},{"type":"text","id":"custom_cms_title","label":"Custom CMS Block Title","default":"Custom CMS Block"},{"type":"textarea","id":"custom_cms_text","label":"Custom CMS Block Description"}]},{"name":"Wishlist","settings":[{"type":"checkbox","id":"enable_wishlist","label":"Enable wishlist","default":true}]},{"name":"Product Image","settings":[{"type":"checkbox","id":"product_image_border","label":"Use border?"},{"type":"color","id":"product_image_border_color","label":"Border Color"},{"type":"checkbox","id":"product_image_resize","label":"Resize image?","info":"If your images don't have the same size, pleases turn on resize image to have better look."},{"type":"checkbox","id":"product_image_crop","label":"Crop image?"},{"type":"text","id":"product_image_ratio_width","label":"Average ratio of product image (Width:Height)","default":"1"},{"type":"text","id":"product_image_ratio_height","label":":","default":"1.35"},{"type":"paragraph","content":"i.e: 1:2, 1:1.5 or 3:4"},{"type":"checkbox","id":"enable_opacity_product","label":"Enable blur effect (opacity) when hover over product image","default":true}]},{"name":"Product Collection","settings":[{"type":"checkbox","id":"display_image_cat","label":"Display Image Category?","default":true},{"type":"image","id":"img_cat.jpg","label":"Image Category"},{"type":"text","id":"collection_results_per_page","label":"Products per page","default":"10"},{"type":"select","id":"collection_results_per_row","label":"Products per row","options":[{"value":"3","label":"3"},{"value":"4","label":"4"},{"value":"5","label":"5"}]},{"type":"checkbox","id":"collection_infinite_scrolling","label":"Enable Infinite Scrolling (Show More Button)","default":true},{"type":"checkbox","id":"display_color_variant","label":"Display Color Variant","default":true}]},{"name":"Product Detail","settings":[{"type":"radio","id":"style_moreview","label":"Horizontal Moreview or Vertical Moreview","options":[{"value":"horizontal","label":"Horizontal Moreview"},{"value":"vertical","label":"Vertical Moreview"}],"default":"vertical"},{"type":"checkbox","id":"display_prev_next_product","label":"Display Prev\/Next Product?","default":true},{"type":"checkbox","id":"display_sample_vendor","label":"Display Sample Vendor?","default":true},{"type":"checkbox","id":"display_availability","label":"Display Availability?","default":true},{"type":"text","id":"text_availability","label":"Text Availability","default":"Availability"},{"type":"checkbox","id":"display_product_type","label":"Display Product Type?","default":true},{"type":"text","id":"text_product_type","label":"Text Product Type","default":"Product Type"},{"type":"checkbox","id":"display_vendor","label":"Display Vendor?","default":true},{"type":"text","id":"text_vendor","label":"Text Vendor","default":"Vendor"},{"type":"text","id":"text_countdown","label":"Text Countdown","default":"Limited-Time Offers, End in:"},{"type":"radio","id":"show_desc","label":"Short description","options":[{"value":"no-show","label":"No"},{"value":"short","label":"Yes"},{"value":"full","label":"Show Full Description"}],"default":"short"},{"type":"checkbox","id":"use_color_swatch","label":"Use Color Swatch?","default":true},{"type":"checkbox","id":"display_subtotal","label":"Display Subtotal?","default":true},{"type":"checkbox","id":"display_product_detail_tag","label":"Display Tags?","default":true},{"type":"checkbox","id":"display_product_detail_share","label":"Display Product Share?","default":true},{"type":"text","id":"text_share","label":"Text Share"},{"type":"image","id":"social_icon_1.png","label":"Social icon 1","max-width":50},{"type":"text","id":"social_title_1","label":"Social title 1","default":"Email"},{"type":"text","id":"social_link_1","label":"Social link 1","default":"mailto:support@halothemes.com"},{"type":"image","id":"social_icon_2.png","label":"Social icon 2","max-width":50},{"type":"text","id":"social_title_2","label":"Social title 2","default":"Share Facebook"},{"type":"text","id":"social_link_2","label":"Social link 2","default":"#"},{"type":"image","id":"social_icon_3.png","label":"Social icon 3","max-width":50},{"type":"text","id":"social_title_3","label":"Social title 3","default":"Twitter"},{"type":"text","id":"social_link_3","label":"Social link 3","default":"#"},{"type":"image","id":"social_icon_4.png","label":"Social icon 4","max-width":50},{"type":"text","id":"social_title_4","label":"Social title 4","default":"Pinterest"},{"type":"text","id":"social_link_4","label":"Social link 4","default":"#"},{"type":"image","id":"social_icon_5.png","label":"Social icon 5","max-width":50},{"type":"text","id":"social_title_5","label":"Social title 5","default":"Google+"},{"type":"text","id":"social_link_5","label":"Social link 5","default":"#"},{"type":"image","id":"social_icon_6.png","label":"Social icon 6","max-width":50},{"type":"text","id":"social_title_6","label":"Social title 6","default":"Instagram"},{"type":"text","id":"social_link_6","label":"Social link 6","default":"#"},{"type":"radio","id":"show_tab","label":"Horizontal Tab or Vertical Tab","options":[{"value":"horizontal","label":"Horizontal Tab"},{"value":"vertical","label":"Vertical Tab"}],"default":"horizontal"},{"type":"checkbox","id":"display_product_detail_description","label":"Display Product Description?","default":true},{"type":"text","id":"product_description_title","label":"Product Description Title","default":"Product Description"},{"type":"checkbox","id":"display_custom_tab","label":"Display Custom Tab?","default":true},{"type":"text","id":"custom_tab_title","label":"Custom Tab Title","default":"Shipping & Returns"},{"type":"textarea","id":"custom_tab_content","label":"Custom Tab HTML Code"},{"type":"checkbox","id":"display_size_chart","label":"Display Size Chart?","default":true},{"type":"text","id":"custom_size_chart_title","label":"Custom Size Chart Title","default":"Size Chart"},{"type":"image","id":"custom_size_chart_content.jpg","label":"Size Chart Image","max-width":1180},{"type":"checkbox","id":"display_product_reviews","label":"Display Product Reviews?","default":true},{"type":"text","id":"product_review_title","label":"Product Reviews Title","default":"Customer Reviews"},{"type":"header","content":"Related Products"},{"type":"checkbox","id":"display_related_products","label":"Display Related Products?","default":true},{"type":"text","id":"related_products_title","label":"Title of related products block","default":"Related Products"},{"type":"text","id":"number_of_related_products","label":"Number of related products","default":"8"},{"type":"radio","id":"related_products_type","label":"Type of related products","options":[{"value":"tags","label":"By Tags"},{"value":"collection","label":"By Collection"}],"default":"collection"},{"type":"header","content":"Recently Viewed Products"},{"type":"checkbox","id":"display_recently_viewed_products","label":"Display Recently Viewed Products?","default":true},{"type":"text","id":"recently_viewed_products_title","label":"Title of recently viewed products","default":"Recently Viewed Products"},{"type":"text","id":"number_of_recently_viewed_products","label":"Number of recently viewed products","default":"8"}]},{"name":"Products Quickview","settings":[{"type":"checkbox","id":"enable_quick_view","label":"Enable quickview","default":true},{"type":"checkbox","id":"display_quickview_availability","label":"Display Availability?","default":true},{"type":"checkbox","id":"display_quickview_product_type","label":"Display Product Type?","default":true},{"type":"checkbox","id":"display_quickview_vendor","label":"Display Vendor?","default":true},{"type":"checkbox","id":"display_quickview_subtotal","label":"Display Subtotal?","default":true},{"type":"checkbox","id":"display_quickview_short_desc","label":"Display Short Description?","default":true}]},{"name":"Cart","settings":[{"type":"checkbox","id":"cart_notes","label":"Allow customers to add notes to their order?","default":true,"info":"Only enabled in the ajax cart if you use your cart.liquid markup. See docs below."},{"type":"checkbox","id":"ajax_cart","label":"Enable Ajax Cart","default":true},{"type":"header","content":"Shipping rate calculator"},{"type":"checkbox","id":"show_shipping_calculator","label":"Display shipping rates calculator","default":true},{"type":"text","id":"shipping_calculator_heading","label":"Shipping Rates Calculator Heading","default":"Shipping rates calculator"},{"type":"select","id":"shipping_calculator_default_country","label":"Shipping Rates Calculator default country selection","options":[{"value":"","label":"-- Please Select --"},{"value":"Vietnam","label":"Vietnam"},{"value":"Canada","label":"Canada"},{"value":"Australia","label":"Australia"},{"value":"Afghanistan","label":"Afghanistan"},{"value":"Aland Islands","label":"Aland Islands"},{"value":"Albania","label":"Albania"},{"value":"Algeria","label":"Algeria"},{"value":"Andorra","label":"Andorra"},{"value":"Angola","label":"Angola"},{"value":"Anguilla","label":"Anguilla"},{"value":"Antigua And Barbuda","label":"Antigua And Barbuda"},{"value":"Argentina","label":"Argentina"},{"value":"Armenia","label":"Armenia"},{"value":"Aruba","label":"Aruba"},{"value":"Austria","label":"Austria"},{"value":"Azerbaijan","label":"Azerbaijan"},{"value":"Bahamas","label":"Bahamas"},{"value":"Bahrain","label":"Bahrain"},{"value":"Bangladesh","label":"Bangladesh"},{"value":"Barbados","label":"Barbados"},{"value":"Belarus","label":"Belarus"},{"value":"Belgium","label":"Belgium"},{"value":"Belize","label":"Belize"},{"value":"Benin","label":"Benin"},{"value":"Bermuda","label":"Bermuda"},{"value":"Bhutan","label":"Bhutan"},{"value":"Bolivia","label":"Bolivia"},{"value":"Bosnia And Herzegovina","label":"Bosnia And Herzegovina"},{"value":"Botswana","label":"Botswana"},{"value":"Bouvet Island","label":"Bouvet Island"},{"value":"Brazil","label":"Brazil"},{"value":"British Indian Ocean Territory","label":"British Indian Ocean Territory"},{"value":"Brunei","label":"Brunei"},{"value":"Bulgaria","label":"Bulgaria"},{"value":"Burkina Faso","label":"Burkina Faso"},{"value":"Burma","label":"Burma"},{"value":"Burundi","label":"Burundi"},{"value":"Cambodia","label":"Cambodia"},{"value":"Cape Verde","label":"Cape Verde"},{"value":"Cayman Islands","label":"Cayman Islands"},{"value":"Central African Republic","label":"Central African Republic"},{"value":"Chad","label":"Chad"},{"value":"Chile","label":"Chile"},{"value":"China","label":"China"},{"value":"Christmas Island","label":"Christmas Island"},{"value":"Cocos (Keeling) Islands","label":"Cocos (Keeling) Islands"},{"value":"Colombia","label":"Colombia"},{"value":"Comoros","label":"Comoros"},{"value":"Congo","label":"Congo"},{"value":"Congo, The Democratic Republic Of The","label":"Congo, The Democratic Republic Of The"},{"value":"Cook Islands","label":"Cook Islands"},{"value":"Costa Rica","label":"Costa Rica"},{"value":"Croatia","label":"Croatia"},{"value":"Cuba","label":"Cuba"},{"value":"Curaçao","label":"Curaçao"},{"value":"Cyprus","label":"Cyprus"},{"value":"Czech Republic","label":"Czech Republic"},{"value":"Côte d'Ivoire","label":"Côte d'Ivoire"},{"value":"Denmark","label":"Denmark"},{"value":"Djibouti","label":"Djibouti"},{"value":"Dominica","label":"Dominica"},{"value":"Dominican Republic","label":"Dominican Republic"},{"value":"Ecuador","label":"Ecuador"},{"value":"Egypt","label":"Egypt"},{"value":"El Salvador","label":"El Salvador"},{"value":"Equatorial Guinea","label":"Equatorial Guinea"},{"value":"Eritrea","label":"Eritrea"},{"value":"Estonia","label":"Estonia"},{"value":"Ethiopia","label":"Ethiopia"},{"value":"Falkland Islands (Malvinas)","label":"Falkland Islands (Malvinas)"},{"value":"Faroe Islands","label":"Faroe Islands"},{"value":"Fiji","label":"Fiji"},{"value":"Finland","label":"Finland"},{"value":"France","label":"France"},{"value":"French Guiana","label":"French Guiana"},{"value":"French Polynesia","label":"French Polynesia"},{"value":"French Southern Territories","label":"French Southern Territories"},{"value":"Gabon","label":"Gabon"},{"value":"Gambia","label":"Gambia"},{"value":"Georgia","label":"Georgia"},{"value":"Germany","label":"Germany"},{"value":"Ghana","label":"Ghana"},{"value":"Gibraltar","label":"Gibraltar"},{"value":"Greece","label":"Greece"},{"value":"Greenland","label":"Greenland"},{"value":"Grenada","label":"Grenada"},{"value":"Guadeloupe","label":"Guadeloupe"},{"value":"Guatemala","label":"Guatemala"},{"value":"Guernsey","label":"Guernsey"},{"value":"Guinea","label":"Guinea"},{"value":"Guinea Bissau","label":"Guinea Bissau"},{"value":"Guyana","label":"Guyana"},{"value":"Haiti","label":"Haiti"},{"value":"Heard Island And Mcdonald Islands","label":"Heard Island And Mcdonald Islands"},{"value":"Holy See (Vatican City State)","label":"Holy See (Vatican City State)"},{"value":"Honduras","label":"Honduras"},{"value":"Hong Kong","label":"Hong Kong"},{"value":"Hungary","label":"Hungary"},{"value":"Iceland","label":"Iceland"},{"value":"India","label":"India"},{"value":"Indonesia","label":"Indonesia"},{"value":"Iran, Islamic Republic Of","label":"Iran, Islamic Republic Of"},{"value":"Iraq","label":"Iraq"},{"value":"Ireland","label":"Ireland"},{"value":"Isle Of Man","label":"Isle Of Man"},{"value":"Israel","label":"Israel"},{"value":"Italy","label":"Italy"},{"value":"Jamaica","label":"Jamaica"},{"value":"Japan","label":"Japan"},{"value":"Jersey","label":"Jersey"},{"value":"Jordan","label":"Jordan"},{"value":"Kazakhstan","label":"Kazakhstan"},{"value":"Kenya","label":"Kenya"},{"value":"Kiribati","label":"Kiribati"},{"value":"Korea, Democratic People's Republic Of","label":"Korea, Democratic People's Republic Of"},{"value":"Kosovo","label":"Kosovo"},{"value":"Kuwait","label":"Kuwait"},{"value":"Kyrgyzstan","label":"Kyrgyzstan"},{"value":"Lao People's Democratic Republic","label":"Lao People's Democratic Republic"},{"value":"Latvia","label":"Latvia"},{"value":"Lebanon","label":"Lebanon"},{"value":"Lesotho","label":"Lesotho"},{"value":"Liberia","label":"Liberia"},{"value":"Libyan Arab Jamahiriya","label":"Libyan Arab Jamahiriya"},{"value":"Liechtenstein","label":"Liechtenstein"},{"value":"Lithuania","label":"Lithuania"},{"value":"Luxembourg","label":"Luxembourg"},{"value":"Macao","label":"Macao"},{"value":"Macedonia, Republic Of","label":"Macedonia, Republic Of"},{"value":"Madagascar","label":"Madagascar"},{"value":"Malawi","label":"Malawi"},{"value":"Malaysia","label":"Malaysia"},{"value":"Maldives","label":"Maldives"},{"value":"Mali","label":"Mali"},{"value":"Malta","label":"Malta"},{"value":"Martinique","label":"Martinique"},{"value":"Mauritania","label":"Mauritania"},{"value":"Mauritius","label":"Mauritius"},{"value":"Mayotte","label":"Mayotte"},{"value":"Mexico","label":"Mexico"},{"value":"Moldova, Republic of","label":"Moldova, Republic of"},{"value":"Monaco","label":"Monaco"},{"value":"Mongolia","label":"Mongolia"},{"value":"Montenegro","label":"Montenegro"},{"value":"Montserrat","label":"Montserrat"},{"value":"Morocco","label":"Morocco"},{"value":"Mozambique","label":"Mozambique"},{"value":"Namibia","label":"Namibia"},{"value":"Nauru","label":"Nauru"},{"value":"Nepal","label":"Nepal"},{"value":"Netherlands","label":"Netherlands"},{"value":"Netherlands Antilles","label":"Netherlands Antilles"},{"value":"New Caledonia","label":"New Caledonia"},{"value":"New Zealand","label":"New Zealand"},{"value":"Nicaragua","label":"Nicaragua"},{"value":"Niger","label":"Niger"},{"value":"Nigeria","label":"Nigeria"},{"value":"Niue","label":"Niue"},{"value":"Norfolk Island","label":"Norfolk Island"},{"value":"Norway","label":"Norway"},{"value":"Oman","label":"Oman"},{"value":"Pakistan","label":"Pakistan"},{"value":"Palestinian Territory, Occupied","label":"Palestinian Territory, Occupied"},{"value":"Panama","label":"Panama"},{"value":"Papua New Guinea","label":"Papua New Guinea"},{"value":"Paraguay","label":"Paraguay"},{"value":"Peru","label":"Peru"},{"value":"Philippines","label":"Philippines"},{"value":"Pitcairn","label":"Pitcairn"},{"value":"Poland","label":"Poland"},{"value":"Portugal","label":"Portugal"},{"value":"Qatar","label":"Qatar"},{"value":"Republic of Cameroon","label":"Republic of Cameroon"},{"value":"Reunion","label":"Reunion"},{"value":"Romania","label":"Romania"},{"value":"Russia","label":"Russia"},{"value":"Rwanda","label":"Rwanda"},{"value":"Saint Barthélemy","label":"Saint Barthélemy"},{"value":"Saint Helena","label":"Saint Helena"},{"value":"Saint Kitts And Nevis","label":"Saint Kitts And Nevis"},{"value":"Saint Lucia","label":"Saint Lucia"},{"value":"Saint Martin","label":"Saint Martin"},{"value":"Saint Pierre And Miquelon","label":"Saint Pierre And Miquelon"},{"value":"Samoa","label":"Samoa"},{"value":"San Marino","label":"San Marino"},{"value":"Sao Tome And Principe","label":"Sao Tome And Principe"},{"value":"Saudi Arabia","label":"Saudi Arabia"},{"value":"Senegal","label":"Senegal"},{"value":"Serbia","label":"Serbia"},{"value":"Seychelles","label":"Seychelles"},{"value":"Sierra Leone","label":"Sierra Leone"},{"value":"Singapore","label":"Singapore"},{"value":"Slovakia","label":"Slovakia"},{"value":"Slovenia","label":"Slovenia"},{"value":"Solomon Islands","label":"Solomon Islands"},{"value":"Somalia","label":"Somalia"},{"value":"South Africa","label":"South Africa"},{"value":"South Georgia And The South Sandwich Islands","label":"South Georgia And The South Sandwich Islands"},{"value":"South Korea","label":"South Korea"},{"value":"Spain","label":"Spain"},{"value":"Sri Lanka","label":"Sri Lanka"},{"value":"St. Vincent","label":"St. Vincent"},{"value":"Sudan","label":"Sudan"},{"value":"Suriname","label":"Suriname"},{"value":"Svalbard And Jan Mayen","label":"Svalbard And Jan Mayen"},{"value":"Swaziland","label":"Swaziland"},{"value":"Sweden","label":"Sweden"},{"value":"Switzerland","label":"Switzerland"},{"value":"Syria","label":"Syria"},{"value":"Taiwan","label":"Taiwan"},{"value":"Tajikistan","label":"Tajikistan"},{"value":"Tanzania, United Republic Of","label":"Tanzania, United Republic Of"},{"value":"Thailand","label":"Thailand"},{"value":"Timor Leste","label":"Timor Leste"},{"value":"Togo","label":"Togo"},{"value":"Tokelau","label":"Tokelau"},{"value":"Tonga","label":"Tonga"},{"value":"Trinidad and Tobago","label":"Trinidad and Tobago"},{"value":"Tunisia","label":"Tunisia"},{"value":"Turkey","label":"Turkey"},{"value":"Turkmenistan","label":"Turkmenistan"},{"value":"Turks and Caicos Islands","label":"Turks and Caicos Islands"},{"value":"Tuvalu","label":"Tuvalu"},{"value":"Uganda","label":"Uganda"},{"value":"Ukraine","label":"Ukraine"},{"value":"United Arab Emirates","label":"United Arab Emirates"},{"value":"United Kingdom","label":"United Kingdom"},{"value":"United States","label":"United States"},{"value":"United States Minor Outlying Islands","label":"United States Minor Outlying Islands"},{"value":"Uruguay","label":"Uruguay"},{"value":"Uzbekistan","label":"Uzbekistan"},{"value":"Vanuatu","label":"Vanuatu"},{"value":"Venezuela","label":"Venezuela"},{"value":"Virgin Islands, British","label":"Virgin Islands, British"},{"value":"Wallis And Futuna","label":"Wallis And Futuna"},{"value":"Western Sahara","label":"Western Sahara"},{"value":"Yemen","label":"Yemen"},{"value":"Zambia","label":"Zambia"},{"value":"Zimbabwe","label":"Zimbabwe"}],"default":"Canada"},{"type":"paragraph","content":"If your customer is logged-in, the country in his default shipping address will be selected. If you are not sure about the spelling to use above, refer to your first checkout page."},{"type":"text","id":"shipping_calculator_submit_button_label","label":"Shipping rates calculator submit button label","default":"Calculate shipping estimate"},{"type":"text","id":"shipping_calculator_submit_button_label_disabled","label":"Shipping rates calculator submit button label when calculating","default":"Calculating..."}]},{"name":"Register Page","settings":[{"type":"text","id":"register_text_desc","label":"Text Description","default":"Sign up for a free account at Ella Boutique."}]},{"name":"Contact Page","settings":[{"type":"checkbox","id":"display_google_map","label":"Display Google Map?","default":true},{"type":"textarea","id":"google_map_code","label":"Google Map Code"},{"type":"text","id":"contact_title","label":"Title","default":"Drop Us A Line"},{"type":"textarea","id":"contact_text_desc","label":"Text Description"},{"type":"text","id":"contact_your_name","label":"Placeholder text in Your Name"},{"type":"text","id":"contact_phone_number","label":"Placeholder text in Your Phone"},{"type":"text","id":"contact_your_email","label":"Placeholder text in Your Email"},{"type":"text","id":"contact_your_comment","label":"Placeholder text in Your Comment"},{"type":"checkbox","id":"display_location","label":"Display Location?","default":true},{"type":"textarea","id":"location_code","label":"Location Code"}]},{"name":"Slider Page","settings":[{"type":"header","content":"Slideshow"},{"type":"paragraph","content":"IMPORTANT: For best results, upload images that are at least 1880px wide. Try to keep your slideshow images the same size."},{"type":"checkbox","id":"display_lb_slideshow","label":"Enable slideshow?","default":true},{"type":"select","id":"lb_slideshow_speed","label":"Show slideshow images for","options":[{"value":"8000","label":"8 seconds"},{"value":"7000","label":"7 seconds"},{"value":"6000","label":"6 seconds"},{"value":"5000","label":"5 seconds"},{"value":"4000","label":"4 seconds"},{"value":"3000","label":"3 seconds"},{"value":"2000","label":"2 seconds"},{"value":"1000","label":"1 seconds"}],"default":"5000"},{"type":"select","id":"lb_slideshow_transition","label":"Slideshow transition effect:","options":[{"value":"slide","label":"Slide"},{"value":"fade","label":"Fade"}],"default":"fade"},{"type":"checkbox","id":"display_lb_slideshow_1","label":"Display Slideshow Image 1?","default":true},{"type":"image","id":"lb_slideshow_1.jpg","label":"Slideshow Image 1","max-width":1180},{"type":"text","id":"lb_image_1_link","label":"URL for Image 1 click"},{"type":"text","id":"lb_image_1_alt","label":"ALT text for Image 1","default":"Cosmopolis"},{"type":"text","id":"lb_text_sample_1","label":"Text Sample for Image 1","default":"The"},{"type":"color","id":"lb_text_sample_color_1","label":"Text Sample color for Image 1","default":"#000","info":"Default Value: #000"},{"type":"text","id":"lb_text_sample_size_1","label":"Text Sample size for Image 1","default":"13","info":"Default Value: 40"},{"type":"text","id":"lb_slide_heading_1","label":"Heading for Image 1","default":"Cosmopolis"},{"type":"color","id":"lb_slide_heading_color_1","label":"Heading color for Image 1","default":"#000","info":"Default Value: #000"},{"type":"text","id":"lb_slide_heading_size_1","label":"Heading size for Image 1","default":"40","info":"Default Value: 40"},{"type":"text","id":"lb_slide_text_1","label":"Text for Image 1","default":"Aenean pulvinar vulputate enim et tempus"},{"type":"color","id":"lb_slide_text_color_1","label":"Text color for Image 1","default":"#000","info":"Default Value: #000"},{"type":"text","id":"lb_slide_text_size_1","label":"Text size for Image 1","default":"14","info":"Default Value: 14"},{"type":"checkbox","id":"display_lb_slideshow_2","label":"Display Slideshow Image 2?","default":true},{"type":"image","id":"lb_slideshow_2.jpg","label":"Slideshow Image 2","max-width":1180},{"type":"text","id":"lb_image_2_link","label":"URL for Image 2 click"},{"type":"text","id":"lb_image_2_alt","label":"ALT text for Image 2"},{"type":"text","id":"lb_text_sample_2","label":"Text Sample for Image 2","default":"The"},{"type":"color","id":"lb_text_sample_color_2","label":"Text Sample color for Image 2","default":"#000","info":"Default Value: #000"},{"type":"text","id":"lb_text_sample_size_2","label":"Text Sample size for Image 2","default":"13","info":"Default Value: 40"},{"type":"text","id":"lb_slide_heading_2","label":"Heading for Image 2","default":"Lorem Mauris"},{"type":"color","id":"lb_slide_heading_color_2","label":"Heading color for Image 2","default":"#000","info":"Default Value: #000"},{"type":"text","id":"lb_slide_heading_size_2","label":"Heading size for Image 2","default":"40","info":"Default Value: 40"},{"type":"text","id":"lb_slide_text_2","label":"Text for Image 2","default":"Pellentesque dignissim aliquet nisi non semper cosmo."},{"type":"color","id":"lb_slide_text_color_2","label":"Text color for Image 2","default":"#000","info":"Default Value: #000"},{"type":"text","id":"lb_slide_text_size_2","label":"Text size for Image 2","default":"14","info":"Default Value: 14"},{"type":"checkbox","id":"display_lb_slideshow_3","label":"Display Slideshow Image 3?","default":true},{"type":"image","id":"lb_slideshow_3.jpg","label":"Slideshow Image 3","max-width":1180},{"type":"text","id":"lb_image_3_link","label":"URL for Image 3 click"},{"type":"text","id":"lb_image_3_alt","label":"ALT text for Image 3"},{"type":"text","id":"lb_text_sample_3","label":"Text Sample for Image 3","default":"Milancelos"},{"type":"color","id":"lb_text_sample_color_3","label":"Text Sample color for Image 3","default":"#000","info":"Default Value: #000"},{"type":"text","id":"lb_text_sample_size_3","label":"Text Sample size for Image 3","default":"13","info":"Default Value: 40"},{"type":"text","id":"lb_slide_heading_3","label":"Heading for Image 3","default":"Cursus Ornare"},{"type":"color","id":"lb_slide_heading_color_3","label":"Heading color for Image 3","default":"#000","info":"Default Value: #000"},{"type":"text","id":"lb_slide_heading_size_3","label":"Heading size for Image 3","default":"40","info":"Default Value: 40"},{"type":"text","id":"lb_slide_text_3","label":"Text for Image 3","default":"Vivamus sed varius lectus deu bibendum metus"},{"type":"color","id":"lb_slide_text_color_3","label":"Text color for Image 3","default":"#000","info":"Default Value: #000"},{"type":"text","id":"lb_slide_text_size_3","label":"Text size for Image 3","default":"14","info":"Default Value: 14"},{"type":"checkbox","id":"display_lb_slideshow_4","label":"Display Slideshow Image 4?"},{"type":"image","id":"lb_slideshow_4.jpg","label":"Slideshow Image 4","max-width":1180},{"type":"text","id":"lb_image_4_link","label":"URL for Image 4 click"},{"type":"text","id":"lb_image_4_alt","label":"ALT text for Image 4"},{"type":"text","id":"lb_text_sample_4","label":"Text Sample for Image 4"},{"type":"color","id":"lb_text_sample_color_4","label":"Text Sample color for Image 4","default":"#000","info":"Default Value: #000"},{"type":"text","id":"lb_text_sample_size_4","label":"Text Sample size for Image 4","default":"13","info":"Default Value: 40"},{"type":"text","id":"lb_slide_heading_4","label":"Heading for Image 4"},{"type":"color","id":"lb_slide_heading_color_4","label":"Heading color for Image 4","default":"#000","info":"Default Value: #000"},{"type":"text","id":"lb_slide_heading_size_4","label":"Heading size for Image 4","default":"40","info":"Default Value: 40"},{"type":"text","id":"lb_slide_text_4","label":"Text for Image 4"},{"type":"color","id":"lb_slide_text_color_4","label":"Text color for Image 4","default":"#000","info":"Default Value: #000"},{"type":"text","id":"lb_slide_text_size_4","label":"Text size for Image 4","default":"14","info":"Default Value: 14"},{"type":"checkbox","id":"display_lb_slideshow_5","label":"Display Slideshow Image 5?"},{"type":"image","id":"lb_slideshow_5.jpg","label":"Slideshow Image 5","max-width":1180},{"type":"text","id":"lb_image_5_link","label":"URL for Image 5 click"},{"type":"text","id":"lb_image_5_alt","label":"ALT text for Image 5"},{"type":"text","id":"lb_text_sample_5","label":"Text Sample for Image 5"},{"type":"color","id":"lb_text_sample_color_5","label":"Text Sample color for Image 5","default":"#000","info":"Default Value: #000"},{"type":"text","id":"lb_text_sample_size_5","label":"Text Sample size for Image 5","default":"13","info":"Default Value: 40"},{"type":"text","id":"lb_slide_heading_5","label":"Heading for Image 5"},{"type":"color","id":"lb_slide_heading_color_5","label":"Heading color for Image 5","default":"#000","info":"Default Value: #000"},{"type":"text","id":"lb_slide_heading_size_5","label":"Heading size for Image 5","default":"40","info":"Default Value: 40"},{"type":"text","id":"lb_slide_text_5","label":"Text for Image 5"},{"type":"color","id":"lb_slide_text_color_5","label":"Text color for Image 5","default":"#000","info":"Default Value: #000"},{"type":"text","id":"lb_slide_text_size_5","label":"Text size for Image 5","default":"14","info":"Default Value: 14"},{"type":"checkbox","id":"display_lb_slideshow_6","label":"Display Slideshow Image 6?"},{"type":"image","id":"lb_slideshow_6.jpg","label":"Slideshow Image 6","max-width":1180},{"type":"text","id":"lb_image_6_link","label":"URL for Image 6 click"},{"type":"text","id":"lb_image_6_alt","label":"ALT text for Image 6"},{"type":"text","id":"lb_text_sample_6","label":"Text Sample for Image 6"},{"type":"color","id":"lb_text_sample_color_6","label":"Text Sample color for Image 6","default":"#000","info":"Default Value: #000"},{"type":"text","id":"lb_text_sample_size_6","label":"Text Sample size for Image 6","default":"13","info":"Default Value: 40"},{"type":"text","id":"lb_slide_heading_6","label":"Heading for Image 6"},{"type":"color","id":"lb_slide_heading_color_6","label":"Heading color for Image 6","default":"#000","info":"Default Value: #000"},{"type":"text","id":"lb_slide_heading_size_6","label":"Heading size for Image 6","default":"40","info":"Default Value: 40"},{"type":"text","id":"lb_slide_text_6","label":"Text for Image 6"},{"type":"color","id":"lb_slide_text_color_6","label":"Text color for Image 6","default":"#000","info":"Default Value: #000"},{"type":"text","id":"lb_slide_text_size_6","label":"Text size for Image 6","default":"14","info":"Default Value: 14"},{"type":"checkbox","id":"display_lb_slideshow_7","label":"Display Slideshow Image 7?"},{"type":"image","id":"lb_slideshow_7.jpg","label":"Slideshow Image 7","max-width":1180},{"type":"text","id":"lb_image_7_link","label":"URL for Image 7 click"},{"type":"text","id":"lb_image_7_alt","label":"ALT text for Image 7"},{"type":"text","id":"lb_text_sample_7","label":"Text Sample for Image 7"},{"type":"color","id":"lb_text_sample_color_7","label":"Text Sample color for Image 7","default":"#000","info":"Default Value: #000"},{"type":"text","id":"lb_text_sample_size_7","label":"Text Sample size for Image 7","default":"13","info":"Default Value: 40"},{"type":"text","id":"lb_slide_heading_7","label":"Heading for Image 7"},{"type":"color","id":"lb_slide_heading_color_7","label":"Heading color for Image 7","default":"#000","info":"Default Value: #000"},{"type":"text","id":"lb_slide_heading_size_7","label":"Heading size for Image 7","default":"40","info":"Default Value: 40"},{"type":"text","id":"lb_slide_text_7","label":"Text for Image 7"},{"type":"color","id":"lb_slide_text_color_7","label":"Text color for Image 7","default":"#000","info":"Default Value: #000"},{"type":"text","id":"lb_slide_text_size_7","label":"Text size for Image 7","default":"14","info":"Default Value: 14"},{"type":"checkbox","id":"display_lb_slideshow_8","label":"Display Slideshow Image 8?"},{"type":"image","id":"lb_slideshow_8.jpg","label":"Slideshow Image 8","max-width":1180},{"type":"text","id":"lb_image_8_link","label":"URL for Image 8 click"},{"type":"text","id":"lb_image_8_alt","label":"ALT text for Image 8"},{"type":"text","id":"lb_text_sample_8","label":"Text Sample for Image 8"},{"type":"color","id":"lb_text_sample_color_8","label":"Text Sample color for Image 8","default":"#000","info":"Default Value: #000"},{"type":"text","id":"lb_text_sample_size_8","label":"Text Sample size for Image 8","default":"13","info":"Default Value: 40"},{"type":"text","id":"lb_slide_heading_8","label":"Heading for Image 8"},{"type":"color","id":"lb_slide_heading_color_8","label":"Heading color for Image 8","default":"#000","info":"Default Value: #000"},{"type":"text","id":"lb_slide_heading_size_8","label":"Heading size for Image 8","default":"40","info":"Default Value: 40"},{"type":"text","id":"lb_slide_text_8","label":"Text for Image 8"},{"type":"color","id":"lb_slide_text_color_8","label":"Text color for Image 8","default":"#000","info":"Default Value: #000"},{"type":"text","id":"lb_slide_text_size_8","label":"Text size for Image 8","default":"14","info":"Default Value: 14"},{"type":"checkbox","id":"display_lb_slideshow_9","label":"Display Slideshow Image 9?"},{"type":"image","id":"lb_slideshow_9.jpg","label":"Slideshow Image 9","max-width":1180},{"type":"text","id":"lb_image_9_link","label":"URL for Image 9 click"},{"type":"text","id":"lb_image_9_alt","label":"ALT text for Image 9"},{"type":"text","id":"lb_text_sample_9","label":"Text Sample for Image 9"},{"type":"color","id":"lb_text_sample_color_9","label":"Text Sample color for Image 9","default":"#000","info":"Default Value: #000"},{"type":"text","id":"lb_text_sample_size_9","label":"Text Sample size for Image 9","default":"13","info":"Default Value: 40"},{"type":"text","id":"lb_slide_heading_9","label":"Heading for Image 9"},{"type":"color","id":"lb_slide_heading_color_9","label":"Heading color for Image 9","default":"#000","info":"Default Value: #000"},{"type":"text","id":"lb_slide_heading_size_9","label":"Heading size for Image 9","default":"40","info":"Default Value: 40"},{"type":"text","id":"lb_slide_text_9","label":"Text for Image 9"},{"type":"color","id":"lb_slide_text_color_9","label":"Text color for Image 9","default":"#000","info":"Default Value: #000"},{"type":"text","id":"lb_slide_text_size_9","label":"Text size for Image 9","default":"14","info":"Default Value: 14"},{"type":"checkbox","id":"display_lb_slideshow_10","label":"Display Slideshow Image 10?"},{"type":"image","id":"lb_slideshow_10.jpg","label":"Slideshow Image 10","max-width":1180},{"type":"text","id":"lb_image_10_link","label":"URL for Image 10 click"},{"type":"text","id":"lb_image_10_alt","label":"ALT text for Image 10"},{"type":"text","id":"lb_text_sample_10","label":"Text Sample for Image 10"},{"type":"color","id":"lb_text_sample_color_10","label":"Text Sample color for Image 10","default":"#000","info":"Default Value: #000"},{"type":"text","id":"lb_text_sample_size_10","label":"Text Sample size for Image 10","default":"13","info":"Default Value: 40"},{"type":"text","id":"lb_slide_heading_10","label":"Heading for Image 10"},{"type":"color","id":"lb_slide_heading_color_10","label":"Heading color for Image 10","default":"#000","info":"Default Value: #000"},{"type":"text","id":"lb_slide_heading_size_10","label":"Heading size for Image 10","default":"40","info":"Default Value: 40"},{"type":"text","id":"lb_slide_text_10","label":"Text for Image 10"},{"type":"color","id":"lb_slide_text_color_10","label":"Text color for Image 10","default":"#000","info":"Default Value: #000"},{"type":"text","id":"lb_slide_text_size_10","label":"Text size for Image 10","default":"14","info":"Default Value: 14"},{"type":"header","content":"Social"},{"type":"checkbox","id":"display_lb_social","label":"Show social media?","default":true},{"type":"text","id":"lb_social_link_1","label":"Social link 1"},{"type":"text","id":"lb_social_link_2","label":"Social link 2"},{"type":"text","id":"lb_social_link_3","label":"Social link 3"},{"type":"text","id":"lb_social_link_4","label":"Social link 4"},{"type":"header","content":"Button"},{"type":"checkbox","id":"display_lb_button","label":"Display Button?","default":true},{"type":"text","id":"lb_button_text","label":"Button Text","default":"Shop it"},{"type":"text","id":"lb_button_link","label":"Button Link"}]},{"name":"Lazy Loading Effect","settings":[{"type":"checkbox","id":"enable_lazy_loading_pc","label":"Enable Lazy Loading Effect on PC?","default":true},{"type":"checkbox","id":"enable_lazy_loading_mobile","label":"Enable Lazy Loading Effect on Mobile Devices?"},{"type":"text","id":"time_lazy_load","label":"Time Delay","info":"(ms)"},{"type":"paragraph","content":"i.e: 100, 200, or 300"}]}]