{"current":{"enable_multilang":false,"lange_1":"English","lange_2":"Deutsch","display_header_top_text":true,"header_top_text":"This website uses cookies, by clicking here, you agree to the use of cookies.","header_top_link_text":"Know more","header_top_link":"https:\/\/www.shopify.com\/legal\/cookies","show_header_search":true,"dropdowncart_type":"hover","footer_column_1_title":"Shop","footer_column_2_title":"Information","footer_column_3_title":"Service","display_social":true,"footer_column_4_title":"Social | Stay Connected","footer_social_link_1":"http:\/\/facebook.com\/","footer_social_link_2":"http:\/\/twitter.com\/","footer_social_link_3":"https:\/\/www.instagram.com\/","footer_social_link_4":"https:\/\/www.instagram.com\/","footer_social_link_5":"https:\/\/www.youtube.com\/","footer_social_link_6":"","fb_like_code":"","footer_display_newsletter":true,"footer_newsletter_title":"Newsletter Sign Up | Newsletter Anmeldung","mailing_list_form_action":"","display_footer_address":true,"footer_address_code":"© 2018 Detox Shopify Store. All rights reserved. <br><small>Design by <a href=\"https:\/\/3oneseven.com\/\">milo<\/a><\/small>.","payment_methods_display_visa?":true,"payment_methods_display_american-express?":true,"payment_methods_display_mastercard?":true,"payment_methods_display_discover?":true,"payment_methods_display_paypal?":true,"payment_methods_display_google-checkout?":false,"payment_methods_display_maestro?":true,"payment_methods_display_cirrus?":false,"display_megamenu":true,"megamenu_items":"Shop | Shop, Recipe | Rezepte, Cooking Tips | Tips","enable_new":true,"display_fixtop_menu":true,"show_dropdown_arrow":true,"style_dropdown_mega_menu_1":"style_1","show_featured_product_menu_1":true,"menu_featured_product_list_collection_1":"kitchenaid","menu_featured_product_title_1":"New","dropdown_1_menu_link_image_1":"","dropdown_1_menu_link_image_2":"","dropdown_1_menu_link_image_3":"\/blogs\/news","style_dropdown_mega_menu_2":"style_2","show_featured_product_menu_2":true,"menu_featured_product_list_collection_2":"philips","menu_featured_product_title_2":"Featured","dropdown_2_menu_link_image_1":"","dropdown_2_menu_link_image_2":"","dropdown_2_menu_link_image_3":"","style_dropdown_mega_menu_3":"style_2","show_featured_product_menu_3":false,"menu_featured_product_list_collection_3":"frontpage","menu_featured_product_title_3":"Featured Products | Ausgewählte Artikel","dropdown_3_menu_link_image_1":"","dropdown_3_menu_link_image_2":"","dropdown_3_menu_link_image_3":"","style_dropdown_mega_menu_4":"style_3","show_featured_product_menu_4":false,"menu_featured_product_list_collection_4":"","menu_featured_product_title_4":"Featured Products","dropdown_4_menu_link_image_1":"","dropdown_4_menu_link_image_2":"","dropdown_4_menu_link_image_3":"","style_dropdown_mega_menu_5":"style_4","show_featured_product_menu_5":false,"menu_featured_product_list_collection_5":"","menu_featured_product_title_5":"Featured Products","dropdown_5_menu_link_image_1":"","dropdown_5_menu_link_image_2":"","dropdown_5_menu_link_image_3":"","style_dropdown_mega_menu_6":"style_1","show_featured_product_menu_6":false,"menu_featured_product_list_collection_6":"","menu_featured_product_title_6":"Featured Products","dropdown_6_menu_link_image_1":"","dropdown_6_menu_link_image_2":"","dropdown_6_menu_link_image_3":"","style_dropdown_mega_menu_7":"style_1","show_featured_product_menu_7":false,"menu_featured_product_list_collection_7":"","menu_featured_product_title_7":"Featured Products","dropdown_7_menu_link_image_1":"","dropdown_7_menu_link_image_2":"","dropdown_7_menu_link_image_3":"","style_dropdown_mega_menu_8":"style_1","show_featured_product_menu_8":false,"menu_featured_product_list_collection_8":"","menu_featured_product_title_8":"Featured Products","dropdown_8_menu_link_image_1":"","dropdown_8_menu_link_image_2":"","dropdown_8_menu_link_image_3":"","style_dropdown_mega_menu_9":"style_1","show_featured_product_menu_9":false,"menu_featured_product_list_collection_9":"","menu_featured_product_title_9":"Featured Products","dropdown_9_menu_link_image_1":"","dropdown_9_menu_link_image_2":"","dropdown_9_menu_link_image_3":"","style_dropdown_mega_menu_10":"style_1","show_featured_product_menu_10":false,"menu_featured_product_list_collection_10":"","menu_featured_product_title_10":"Featured Products","dropdown_10_menu_link_image_1":"","dropdown_10_menu_link_image_2":"","dropdown_10_menu_link_image_3":"","show_product_list_home_page":true,"product_list_collection":"kitchenaid","product_list_title":"New Arrivals","product_list_limit_all":"3","display_infinite_scrolling_homepage":false,"product_list_limit":"6","collection_results_per_row1":"3","display_bannera":true,"bannera_text_title":"FREE SHIPPING FROM 49 € • FREE RETURNS • 100 DAYS RIGHT TO Return | VERSAND AB 49€ • KOSTENLOSER RÜCKVERSAND • 100 TAGE RÜCKGABERECHT","bannera_button_link":"\/pages\/versandkosten","display_banners":true,"banners_text_title":"Cooking Utensils | Koch Untensilien","banners_text_title_color":"#000","banners_text_description":"Free delivery from 49 € | Kostenfreie Lieferung ab 200 €","banners_button_text":"","banners_button_link":"collections\/kitchenaid","display_banner":true,"banner_text_title":"Fruit peeler & tailor  |  Obstschäler & Schneider","banner_text_description":"10% balance on order worth € 200 | 10% Guthaben bei Bestellung im Wert von 200 €","banner_button_text":"","banner_button_link":"\/pages\/about-us\/","display_bannerx":true,"bannerx_text_title":"Ribeye Steak & Chimichurri","bannerx_text_description":"Rub in the ribeye steak with the spices or the BBQ rub. Put the meat with garlic, rosemary and some olive oil into the freezer bag and use the under-water method to squeeze the air out of the bag. |  Das Ribeye-Steak mit dem Gewürzen oder dem BBQ Rub einmassieren. Das Fleisch mit Knoblauch, Rosmarin und etwas Olivenöl in den Gefrierbeutel geben und mit der Unter-Wasser-Methode die Luft aus dem Beutel drücken","bannerx_button_text":"Read More |  Mehr dazu","bannerx_button_link":"\/blogs\/rezepte\/ribeye-steak-mit-frischem-chimichurri","show_slider_trending":true,"show_slider_trending_collection":"kitchenaid","slider_trending_title":"Trending Now | Jetzt Trending","slider_trending_limit_all":"10","trending_collection_results_per_row":"3","display_three_banner_bottom":true,"banner_home_bottom_title":"Featured | Featured","three_banner_bottom_title_color":"#000000","three_banner_bottom_title_size":"20","three_banner_bottom_description_color":"#2d2d2d","three_banner_bottom_description_size":"12","display_banner_title_1":true,"three_banner_bottom_title_1":"Focaccia & Salsiccia","three_banner_bottom_title_color_1":"#000000","three_banner_bottom_title_size_1":"20","display_banner_description_1":true,"three_banner_bottom_description_1":"This is my interpretation of a focaccia, an Italian flatbread flavored with olive oil and garnished with a generous portion of sea salt, salsiccia and pecorino. So almost the best from Italy. | Dies ist meine Interpretation einer Focaccia, einem italienischen Fladenbrot, aromatisiert mit Olivenöl und garniert mit einer großzügigen Portion Meersalz, Salsiccia und Pecorino. Also quasi das Beste aus Italien.","three_banner_bottom_description_color_1":"#2d2d2d","three_banner_bottom_description_size_1":"12","display_banner_button_1":true,"three_banner_bottom_button_text_1":"More | Mehr dazu","three_banner_bottom_link_1":"\/blogs\/rezepte\/focaccia-mit-salsiccia-und-pecorino","display_banner_title_2":true,"three_banner_bottom_title_2":"Beetroot goes on vacation | Rote Bete geht auf Urlaub","three_banner_bottom_title_color_2":"#000000","three_banner_bottom_title_size_2":"20","display_banner_description_2":true,"three_banner_bottom_description_2":"Beetroot? A classic winter vegetables we would say! Each of us has already eaten beetroot salad with apple (by the way, also a real vitamin bomb) | Rote Bete? Ein klassisches Wintergemüse würden wir sagen! Jeder von uns hat schon Rote-Bete-Salat mit Apfel gegessen (übrigens auch eine echte Vitaminbombe)","three_banner_bottom_description_color_2":"#2d2d2d","three_banner_bottom_description_size_2":"12","display_banner_button_2":true,"three_banner_bottom_button_text_2":"More | Mehr dazu","three_banner_bottom_link_2":"\/blogs\/rezepte\/rote-bete-geht-auf-urlaub","display_banner_title_3":true,"three_banner_bottom_title_3":"Blue, fluffy, delicious | Blau, flauschig, lecker","three_banner_bottom_title_color_3":"#000000","three_banner_bottom_title_size_3":"20","display_banner_description_3":true,"three_banner_bottom_description_3":"One of the greatest heroes of our childhood? Blue, fluffy, big eyes and always a helping of biscuits: the Cookie Monster! Now we make the Cookie Monster a little treat. | Einer der größten Helden unserer Kindheit? Blau, flauschig, große Augen und immer eine Portion Kekse dabei: das Krümelmonster! Jetzt machen wir aus dem Krümelmonster eine kleine Köstlichkeit.","three_banner_bottom_description_color_3":"#2d2d2d","three_banner_bottom_description_size_3":"12","display_banner_button_3":true,"three_banner_bottom_button_text_3":"More | Mehr dazu","three_banner_bottom_link_3":"\/blogs\/rezepte\/blau-flauschig-lecker","display_slideshow":true,"slideshow_speed":"5000","slideshow_transition":"fade","slide_heading_color":"#ffffff","slide_heading_size":"47","slide_text_color":"#ffffff","slide_text_size":"14","display_slideshow_1":"image","video_1":"","image_1_link":"collections\/kitchenaid","image_1_alt":"KitchenAid Artisan Zubehör","slide-heading_1":"KitchenAid Artisan","slide_heading_color_1":"#ffffff","slide_heading_size_1":"47","slide-text_1":"Celebrate 100 Years of Making with a Custom Color and Heritage Inspired Design. This mixer is featured in a custom, classic color, Misty Red, which harkens back to one of the first ever KitchenAid Stand Mixer colors introduced.","slide_text_color_1":"#f3f3f3","slide_text_size_1":"14","button-text_1":"Shop now","text_align_slide_1":"right","display_slideshow_2":"image","video_2":"","image_2_link":"collections\/kitchenaid","image_2_alt":"","slide-heading_2":"Heritage Inspired Design","slide_heading_color_2":"#ffffff","slide_heading_size_2":"50","slide-text_2":"With unique features including a heritage-inspired KitchenAid® logo, a white coated stainless steel bowl and a custom Power Hub cover celebrating 100 years of KitchenAid Brand.","slide_text_color_2":"#ffffff","slide_text_size_2":"11","button-text_2":"Shop Now","text_align_slide_2":"right","display_slideshow_3":"image","video_3":"","image_3_link":"collections\/kitchenaid","image_3_alt":"Loremous","slide-heading_3":"Additional Features","slide_heading_color_3":"#fcfcfc","slide_heading_size_3":"40","slide-text_3":"Pellentesque posuere orci lobortis scelerisque blandit. Donec id tellus lacinia an,<br>tincidunt risus ac, consequat velit. Quisquemos sodales suscipit tortor ditaemcos<br>condimentum lacus meleifend menean viverra auctor blanditos comodous.","slide_text_color_3":"#ffffff","slide_text_size_3":"12","button-text_3":"Shop The Collection","text_align_slide_3":"right","display_slideshow_4":"image","video_4":"<iframe width=\"1280\" height=\"720\" src=\"https:\/\/www.youtube.com\/embed\/1XSUK6B7U2s?rel=0&showinfo=0\" frameborder=\"0\" allowfullscreen><\/iframe>","image_4_link":"collections\/kitchenaid","image_4_alt":"","slide-heading_4":"Additional Features","slide_heading_color_4":"#ffffff","slide_heading_size_4":"64","slide-text_4":"Tilt-Head Design allows clear access to the bowl and attached beater or accessory so you can easily add ingredients for a recipe.","slide_text_color_4":"#ffffff","slide_text_size_4":"14","button-text_4":"Shop now","text_align_slide_4":"right","display_slideshow_5":"image","video_5":"","image_5_link":"collections\/kitchenaid","image_5_alt":"","slide-heading_5":"Additional Features","slide_heading_color_5":"#ffffff","slide_heading_size_5":"64","slide-text_5":"Locking the head into place during operation keeps the beater-to-bowl contact close and efficient.","slide_text_color_5":"#ffffff","slide_text_size_5":"14","button-text_5":"Shop now","text_align_slide_5":"right","display_slideshow_6":"image","video_6":"","image_6_link":"collections\/kitchenaid","image_6_alt":"","slide-heading_6":"Additional Features","slide_heading_color_6":"#ffffff","slide_heading_size_6":"64","slide-text_6":"Enough capacity to mix up to 9 dozen cookies. Dishwasher-safe.","slide_text_color_6":"#ffffff","slide_text_size_6":"14","button-text_6":"Shop now","text_align_slide_6":"right","display_slideshow_7":"image","video_7":"","image_7_link":"collections\/kitchenaid","image_7_alt":"","slide-heading_7":"Additional Features","slide_heading_color_7":"#ffffff","slide_heading_size_7":"64","slide-text_7":"Make your stand mixer the culinary center of your kitchen. With over 10 different attachments, you can make everything from fresh pasta to burgers, veggie noodles, ice cream and more.","slide_text_color_7":"#ffffff","slide_text_size_7":"14","button-text_7":"Shop now","text_align_slide_7":"right","display_slideshow_8":"none","video_8":"","image_8_link":"","image_8_alt":"","slide-heading_8":"","slide_heading_color_8":"#ffffff","slide_heading_size_8":"64","slide-text_8":"","slide_text_color_8":"#ffffff","slide_text_size_8":"14","button-text_8":"","text_align_slide_8":"right","display_slideshow_9":"none","video_9":"","image_9_link":"","image_9_alt":"","slide-heading_9":"","slide_heading_color_9":"#ffffff","slide_heading_size_9":"64","slide-text_9":"","slide_text_color_9":"#ffffff","slide_text_size_9":"14","button-text_9":"","text_align_slide_9":"right","display_slideshow_10":"none","video_10":"","image_10_link":"","image_10_alt":"","slide-heading_10":"","slide_heading_color_10":"#ffffff","slide_heading_size_10":"64","slide-text_10":"","slide_text_color_10":"#ffffff","slide_text_size_10":"14","button-text_10":"","text_align_slide_10":"right","display_popup_newsletter":true,"popup_newsletter_title":"Newsletter  |  Our Mailing List","popup_newsletter_sub_title":"Pellentesque de fermentum mollis comodous an loremous","popup_newsletter_message":"Sign Up for exclusive updates, new arrivals <br>and insider-only discounts","display_popup_social":true,"display_popup_social_1":true,"popup_social_1_link":"http:\/\/facebook.com\/","display_popup_social_2":true,"popup_social_2_link":"http:\/\/www.twitter.com\/","display_popup_social_3":true,"popup_social_3_link":"https:\/\/www.youtube.com\/","display_popup_social_4":true,"popup_social_4_link":"https:\/\/www.instagram.com\/","display_popup_social_5":true,"popup_social_5_link":"http:\/\/instagram.com\/","display_popup_social_6":true,"popup_social_6_link":"https:\/\/www.instagram.com\/","display_sidebar_cat_page":false,"display_sidebar_detail_page":false,"display_sidebar_blog_page":true,"show_sidebar":"right","display_sidebar_categories":false,"display_sidebar_categories_detail":false,"sidebar_categories_title":"Categories  |  Kategorien","style_categories":"style_little","categories_items":"KitchenAid,\r\nPhilips,\r\nSteba","enable_sidebar_multiple_choice":true,"enable_shop_by_tags_1":true,"shop_by_tags_1_title":"Color","shop_by_color_text_1":"Beige","shop_by_color_text_2":"Crimson","shop_by_color_text_3":"White","shop_by_color_text_4":"RebeccaPurple","shop_by_color_text_5":"Silver","shop_by_color_text_6":"Blue","shop_by_color_text_7":"BurlyWood","shop_by_color_text_8":"Black","shop_by_color_text_9":"Green","shop_by_color_text_10":"","shop_by_color_text_11":"","shop_by_color_text_12":"","shop_by_color_text_13":"","shop_by_color_text_14":"","shop_by_color_text_15":"","shop_by_color_text_16":"","shop_by_color_text_17":"","shop_by_color_text_18":"","shop_by_color_text_19":"","shop_by_color_text_20":"","enable_shop_by_tags_2":true,"shop_by_tags_2_title":"Size | Größe","shop_by_tags_2_list_tags":"XS, S, M, L, XL","enable_shop_by_tags_3":true,"shop_by_tags_3_title":"Price | Preis","shop_by_tags_3_list_tags":"Unter €100, €100 - €200, Über €200","enable_shop_by_tags_4":true,"shop_by_tags_4_title":"Marken | Brands","shop_by_tags_4_list_tags":"KitchenAid, Philips, STEBA","show_featured_product":true,"show_featured_product_detail":true,"featured_product_list_collection":"frontpage","featured_product_title":"Unsere Empfehlung","featured_product_limit_all":"4","display_banner_sidebar":true,"display_banner_sidebar_detail":false,"display_banner_sidebar_blog":true,"banner_sidebar_link":"#","display_sidebar_custom":true,"display_sidebar_custom_detail":false,"display_sidebar_custom_blog":true,"custom_cms_title":"Custom Block","custom_cms_text":"<p>Custom CMS block displayed at the left sidebar on the Catalog Page. Put your own content here: text, html, images, media... whatever you like.<\/p><p>There are many similar sample content placeholders across the store. All editable from admin panel.<\/p>","enable_wishlist":true,"product_image_border":false,"product_image_border_color":"#c3c3c3","product_image_resize":true,"product_image_crop":true,"product_image_ratio_width":"1","product_image_ratio_height":"1","enable_opacity_product":true,"display_image_cat":true,"collection_results_per_page":"6","collection_results_per_row":"4","collection_infinite_scrolling":false,"display_color_variant":true,"style_moreview":"horizontal","display_prev_next_product":true,"display_sample_vendor":false,"display_availability":true,"text_availability":"Availability | Verfügbarkeit","display_product_type":true,"text_product_type":"Product Type | Producttyp","display_vendor":true,"text_vendor":"Vendor | Verkäufer","text_countdown":"Limited-Time Offers, End in: | Nur kurze Zeit Angebote, End in:","show_desc":"short","use_color_swatch":true,"display_subtotal":true,"display_product_detail_tag":false,"display_product_detail_share":true,"text_share":"Share","social_title_1":"Email","social_link_1":"","social_title_2":"Share Facebook","social_link_2":"https:\/\/www.facebook.com\/sharer\/sharer.php?u=","social_title_3":"Twitter","social_link_3":"http:\/\/twitter.com\/share?url=","social_title_4":"Pinterest","social_link_4":"http:\/\/pinterest.com\/pin\/create\/button\/?url=","social_title_5":"Google+","social_link_5":"https:\/\/plus.google.com\/share?url=","social_title_6":"Instagram","social_link_6":"#","show_tab":"horizontal","display_product_detail_description":true,"product_description_title":"Details | Einzelheiten","display_custom_tab":true,"custom_tab_title":"Shipping & Returns","custom_tab_content":"<p>Free shipping on All Orders. No Minimum Purchase.<\/p>","display_size_chart":true,"custom_size_chart_title":"Size Chart | Größentabelle","display_product_reviews":true,"product_review_title":"Customer Reviews","display_related_products":true,"related_products_title":"Related Products","number_of_related_products":"3","related_products_type":"collection","display_recently_viewed_products":true,"recently_viewed_products_title":"Recently Viewed Products | Zuletzt angesehene Produkte","number_of_recently_viewed_products":"3","enable_quick_view":true,"display_quickview_availability":false,"display_quickview_product_type":false,"display_quickview_vendor":false,"display_quickview_subtotal":false,"display_quickview_short_desc":true,"cart_notes":false,"ajax_cart":true,"show_shipping_calculator":true,"shipping_calculator_heading":"Shipping","shipping_calculator_default_country":"Germany","shipping_calculator_submit_button_label":"Shipping calculation","shipping_calculator_submit_button_label_disabled":"Working on it...","register_text_desc":"Exclusive Updates, new Shop items and Insider-only!","display_google_map":true,"google_map_code":"<iframe src=\"https:\/\/www.google.com\/maps\/embed?pb=!1m18!1m12!1m3!1d50774.42608334554!2d-122.07866391305582!3d37.309313059288925!2m3!1f0!2f0!3f0!3m2!1i1024!2i768!4f13.1!3m3!1m2!1s0x808fb4571bd377ab%3A0x394d3fe1a3e178b4!2sCupertino%2C+CA%2C+USA!5e0!3m2!1sen!2sde!4v1540395028152\" style=\"border:0\" allowfullscreen=\"\" width=\"100%\" height=\"450\" frameborder=\"0\"><\/iframe>","contact_title":"Drop Us A Line","contact_text_desc":"Please do get in touch!<p class='\\\"line\\\"'><\/p><p>We'd love to hear from you - please use the form to send us your message or ideas. Or simply pop in for a cup of fresh tea and a cookie:<\/p><p>9087S Divamus Faucibus Str., <br> City name,<br> Postal Code CA 90896 United States<\/p><p>Email: stores@domain.com<br>Toll-free: (1800) 000 8808<\/p>","contact_your_name":"","contact_phone_number":"","contact_your_email":"","contact_your_comment":"","display_location":false,"location_code":"","display_lb_slideshow":true,"lb_slideshow_speed":"5000","lb_slideshow_transition":"fade","display_lb_slideshow_1":true,"lb_image_1_link":"\/collections","lb_image_1_alt":"Cosmopolis","lb_text_sample_1":"Entfetten","lb_text_sample_color_1":"#ffffff","lb_text_sample_size_1":"13","lb_slide_heading_1":"Items","lb_slide_heading_color_1":"#ffffff","lb_slide_heading_size_1":"40","lb_slide_text_1":"Pellentesque dignissim aliquet nisi non semper cosmo.","lb_slide_text_color_1":"#d8d8d8","lb_slide_text_size_1":"14","display_lb_slideshow_2":true,"lb_image_2_link":"","lb_image_2_alt":"","lb_text_sample_2":"With unique features including a heritage-inspired KitchenAid® logo, a white coated stainless steel bowl and a custom Power Hub cover celebrating 100 years of KitchenAid Brand.","lb_text_sample_color_2":"#ffffff","lb_text_sample_size_2":"13","lb_slide_heading_2":"Items","lb_slide_heading_color_2":"#ffffff","lb_slide_heading_size_2":"40","lb_slide_text_2":"Pellentesque dignissim aliquet nisi non semper cosmo.","lb_slide_text_color_2":"#d7d7d7","lb_slide_text_size_2":"14","display_lb_slideshow_3":true,"lb_image_3_link":"","lb_image_3_alt":"","lb_text_sample_3":"With unique features including a heritage-inspired KitchenAid® logo, a white coated stainless steel bowl and a custom Power Hub cover celebrating 100 years of KitchenAid Brand.","lb_text_sample_color_3":"#ffffff","lb_text_sample_size_3":"13","lb_slide_heading_3":"Items","lb_slide_heading_color_3":"#ffffff","lb_slide_heading_size_3":"40","lb_slide_text_3":"With unique features including a heritage-inspired KitchenAid® logo, a white coated stainless steel bowl and a custom Power Hub cover celebrating 100 years of KitchenAid Brand.","lb_slide_text_color_3":"#d0d0d0","lb_slide_text_size_3":"14","display_lb_slideshow_4":false,"lb_image_4_link":"","lb_image_4_alt":"","lb_text_sample_4":"","lb_text_sample_color_4":"#000000","lb_text_sample_size_4":"13","lb_slide_heading_4":"","lb_slide_heading_color_4":"#000000","lb_slide_heading_size_4":"40","lb_slide_text_4":"","lb_slide_text_color_4":"#000000","lb_slide_text_size_4":"14","display_lb_slideshow_5":false,"lb_image_5_link":"","lb_image_5_alt":"","lb_text_sample_5":"","lb_text_sample_color_5":"#000000","lb_text_sample_size_5":"13","lb_slide_heading_5":"","lb_slide_heading_color_5":"#000000","lb_slide_heading_size_5":"40","lb_slide_text_5":"","lb_slide_text_color_5":"#000000","lb_slide_text_size_5":"14","display_lb_slideshow_6":false,"lb_image_6_link":"","lb_image_6_alt":"","lb_text_sample_6":"","lb_text_sample_color_6":"#000000","lb_text_sample_size_6":"13","lb_slide_heading_6":"","lb_slide_heading_color_6":"#000000","lb_slide_heading_size_6":"40","lb_slide_text_6":"","lb_slide_text_color_6":"#000000","lb_slide_text_size_6":"14","display_lb_slideshow_7":false,"lb_image_7_link":"","lb_image_7_alt":"","lb_text_sample_7":"","lb_text_sample_color_7":"#000000","lb_text_sample_size_7":"13","lb_slide_heading_7":"","lb_slide_heading_color_7":"#000000","lb_slide_heading_size_7":"40","lb_slide_text_7":"","lb_slide_text_color_7":"#000000","lb_slide_text_size_7":"14","display_lb_slideshow_8":false,"lb_image_8_link":"","lb_image_8_alt":"","lb_text_sample_8":"","lb_text_sample_color_8":"#000000","lb_text_sample_size_8":"13","lb_slide_heading_8":"","lb_slide_heading_color_8":"#000000","lb_slide_heading_size_8":"40","lb_slide_text_8":"","lb_slide_text_color_8":"#000000","lb_slide_text_size_8":"14","display_lb_slideshow_9":false,"lb_image_9_link":"","lb_image_9_alt":"","lb_text_sample_9":"","lb_text_sample_color_9":"#000000","lb_text_sample_size_9":"13","lb_slide_heading_9":"","lb_slide_heading_color_9":"#000000","lb_slide_heading_size_9":"40","lb_slide_text_9":"","lb_slide_text_color_9":"#000000","lb_slide_text_size_9":"14","display_lb_slideshow_10":false,"lb_image_10_link":"","lb_image_10_alt":"","lb_text_sample_10":"","lb_text_sample_color_10":"#000000","lb_text_sample_size_10":"13","lb_slide_heading_10":"","lb_slide_heading_color_10":"#000000","lb_slide_heading_size_10":"40","lb_slide_text_10":"","lb_slide_text_color_10":"#000000","lb_slide_text_size_10":"14","display_lb_social":false,"lb_social_link_1":"http:\/\/facebook.com\/shopify","lb_social_link_2":"https:\/\/plus.google.com\/+shopify","lb_social_link_3":"http:\/\/www.twitter.com\/shopify","lb_social_link_4":"http:\/\/instagram.com\/shopify","display_lb_button":true,"lb_button_text":"Shop now | Jetzt einkaufen","lb_button_link":"\/collections","enable_lazy_loading_pc":true,"enable_lazy_loading_mobile":false,"time_lazy_load":"100","checkout_header_image":"","checkout_logo_image":"shopify:\/\/shop_images\/logo_bd7cffad-b092-492d-8303-4f997c58dd1c.jpg","checkout_logo_position":"center","checkout_logo_size":"large","checkout_body_background_image":"","checkout_body_background_color":"#fff","checkout_input_background_color_mode":"white","checkout_sidebar_background_image":"","checkout_sidebar_background_color":"#fafafa","checkout_heading_font":"Playfair Display","checkout_body_font":"Helvetica Neue","checkout_accent_color":"#2d2d2d","checkout_button_color":"#000000","checkout_error_color":"#ff6d6d","enable_hover_image":true,"product_name_text_transform":"none","bannera_text_title_":"Kostenloser Versand ab <span>49€<\/span> Kostenloser Rückversand  <span>100 Tage<\/span> Rückgaberecht.","bannera_text_description":"10% Guthaben bei Bestellung im Wert von 200 €","enable_multiple_currencies":false,"currency_1_unit":"HUF","currency_2_unit":"EUR","currency_3_unit":"GBP","currency_4_unit":"USD","font_1":"google_fonts","fonts_name_1":"Playfair Display","font_2":"normal_fonts","fonts_name_2":"Roboto","font_3":"google_fonts","fonts_name_3":"Playfair Display","font_4":"google_fonts","fonts_name_4":"Playfair Display","bg_cart_color_fixed_top":"#f02121","border_color_fixed_top":"#4d4d4d","nav_bg_color":"#2d2d2d","nav_link_top_color":"#ffffff","nav_link_top_hover_color":"#ffffff","nav_dropdown_border_style":"solid","nav_dropdown_border_color":"#c5cacb","nav_dropdown_bg_color":"#ffffff","nav_dropdown_link_color":"#000000","nav_dropdown_link_color_hover":"#000000","primary_button_bg_color":"#c00000","primary_button_border_color":"#c00000","primary_button_text_color":"#ffffff","primary_button_bg_color_hover":"#c00000","primary_button_border_color_hover":"#c00000","primary_button_text_color_hover":"#ffffff","second_button_bg_color":"#c00000","second_button_border_color":"#c00000","second_button_text_color":"#ffffff","second_button_bg_color_hover":"#233f57","second_button_border_color_hover":"#233f57","second_button_text_color_hover":"#ffffff","display_three_block_banner":false,"three_block_banner_color":"#ffffff","three_block_banner_size":"13","display_banner_text_1":true,"three_block_banner_text_1":"Editor’s Pick | Unser Tip","three_block_banner_link_1":"http:\/\/www.shopify.com\/","three_block_banner_color_1":"#ffffff","three_block_banner_size_1":"13","display_banner_text_2":true,"three_block_banner_text_2":"Shoes | Schuhe","three_block_banner_link_2":"http:\/\/www.shopify.com\/","three_block_banner_color_2":"#000000","three_block_banner_size_2":"13","display_banner_text_3":true,"three_block_banner_text_3":"Accessories | Zubehör","three_block_banner_link_3":"http:\/\/www.shopify.com\/","three_block_banner_color_3":"#ffffff","three_block_banner_size_3":"13","display_brands_slider":false,"brands_slider_image_1_title":"Loremous","brands_slider_image_1_link":"http:\/\/twitter.com\/shopify","brands_slider_image_2_title":"Detox","brands_slider_image_2_link":"http:\/\/twitter.com\/shopify","brands_slider_image_3_title":"Magcor","brands_slider_image_3_link":"http:\/\/twitter.com\/shopify","brands_slider_image_4_title":"Fermends","brands_slider_image_4_link":"http:\/\/twitter.com\/shopify","brands_slider_image_5_title":"Conseqaur","brands_slider_image_5_link":"http:\/\/twitter.com\/shopify","brands_slider_image_6_title":"Loremous","brands_slider_image_6_link":"http:\/\/twitter.com\/shopify","brands_slider_image_7_title":"Detox","brands_slider_image_7_link":"http:\/\/twitter.com\/shopify","brands_slider_image_8_title":"Magcor","brands_slider_image_8_link":"http:\/\/twitter.com\/shopify","brands_slider_image_9_title":"Fermends","brands_slider_image_9_link":"http:\/\/twitter.com\/shopify","brands_slider_image_10_title":"Conseqaur","brands_slider_image_10_link":"http:\/\/twitter.com\/shopify","show_instagram":false,"instagram_bg_color":"#fff8ee","instagram_title":"#Instagram | #Instagram","instagram_des":"Phasellus lorem malesuada ligula pulvinar commodo maecenas suscipit auctom.","display_instagram_button":true,"instagram_button_text":"View Gallery | Ansicht-Galerie","instagram_button_link":"http:\/\/instagram.com\/","instagram_get":"user","client-id":"c6e4c736e82345a3898a0e299daa00fb","instagram_tag":"","instagram_locationId":"","user-id":"1599696966","accessToken":"1234567.1677ed0.d8e0b901804b4f14ac17fd985681098e","limit":"10","images_per_row":"5","resolution_images":"low_resolution","brand_type":"image","brand_text":"","enable_retina":false,"min_height_logo":"53","bg_header_top_color":"#ffe8e8","text_header_top_color":"#776d6d","bg_header_bottom_color":"#ffffff","display_header_text_order":false,"header_text_order":"Order online or call us (1800) 000 8808 | Bestellen Sie online oder rufen Sie uns an (1800) 000 8808","header_text_order_text_color":"#141414","header_link_text_color":"#323232","bg_search_color":"#fafafa","border_search_color":"#e7e7e7","display_header_free_shipping":false,"header_free_shipping":"Free shipping on All Orders. No Minimum Purchase. | Kostenloser Versand für alle Bestellungen. Nein Mindestkauf.","header_free_shipping_text_color":"#000000","bg_cart_color":"#ffe5e5","bg_footer_img":"none","bg_footer_color":"#2d2d2d","bg_footer_position_x":"left","bg_footer_position_y":"top","bg_footer_repeat":"no-repeat","bg_footer_attachment":"scroll","bg_footer_line_color":"#282828","footer_title_color":"#ffffff","footer_link_color":"#969696","bg_body_img":"none","bg_body_color":"#ffffff","bg_body_position_x":"left","bg_body_position_y":"top","bg_body_repeat":"repeat","bg_body_attachment":"scroll","body_font_size":"12","body_color":"#2d2d2d","display_breadcrumb":true,"breadcrumb_color":"#848484","breadcrumb_text_transform":"lowercase","page_title_color":"#000000","page_title_text_align":"left","checkout_use_storefront_logo":true,"checkout_use_header_image":true,"checkout_banner_background_color":"#ffffff","checkout_logo":"checkout_logo.png","checkout_headline":"","checkout_call_to_action_color":"#000000","menu_link_image_1":"","menu_link_image_2":"","menu_link_image_3":"","menu_link_image_4":"","menu_link_image_5":"","menu_link_image_6":"","menu_link_image_7":"","menu_link_image_8":"","menu_link_image_9":"","menu_link_image_10":"","customer_layout":"theme","search_placeholder":"Search | search","product_list_infinite_scrolling_text":"Show More","product_list_no_more_product_text":"No More Products","menu_link_image":"\/collections","menu_featured_product_title":"Featured Products","text_refined_by":"Refined By","collection_infinite_scrolling_text":"Show More","collection_infinite_scrolling_no_more_product_text":"No More Products","show_featured_product_menu":true,"menu_featured_product_list_collection":"top-brands","tag-name":"","using_parallax":"true","facebook_link":"http:\/\/facebook.com\/shopify","twitter_link":"http:\/\/twitter.com\/shopify","google_link":"http:\/\/twitter.com\/shopify","instagram_link":"http:\/\/twitter.com\/shopify","rss_link":"http:\/\/twitter.com\/shopify","share_email_title":"Email","share_email_link":"mailto:milo@3oneseven.com","share_fb_title":"Share Facebook","share_fb_link":"#","share_tw_title":"Twitter","share_tw_link":"#","share_pin_title":"Pinterest","share_pin_link":"#","share_google_title":"Google+","share_google_link":"#","share_ins_title":"Instagram","share_ins_link":"#","display_new":"true","display_icon_new":"true","product_item_no_hover":"false","contact_field_code":"<h2>Drop Us A Line<\/h2>\r\n            <label for=\"contactFormName\">Your Name<\/label>\r\n            <input type=\"text\" id=\"contactFormName\" name=\"contact[name]\" placeholder=\"Your Name\" autocapitalize=\"words\">\r\n                     \r\n  \r\n            <label for=\"contactFormEmail\">Email<em>*<\/em><\/label>\r\n            <input type=\"email\" name=\"contact[email]\" placeholder=\"you@email.com\" id=\"contactFormEmail\" autocorrect=\"off\" autocapitalize=\"off\">\r\n  \r\n            <label for=\"contactFormPhone\">Phone Number<\/label>\r\n            <input type=\"tel\" name=\"contact[phone]\" id=\"contactFormPhone\" placeholder=\"Phone Number\" pattern=\"[0-9]*\">\r\n  \r\n            <label for=\"contactFormMessage\">Your Comment <em>*<\/em><\/label>\r\n            <textarea rows=\"10\" name=\"contact[body]\" placeholder=\"Your Message\" id=\"contactFormMessage\"><\/textarea>\r\n  \r\n            <input type=\"submit\" class=\"btn left\" value=\"Submit Contact\">","display_two_banner_bottom":"true","two_banner_bottom_title_color":"#ffffff","two_banner_bottom_title_size":"32","two_banner_bottom_description_color":"#ffffff","two_banner_bottom_description_size":"14","two_banner_bottom_title_1":"bags &amp; Purses","two_banner_bottom_title_color_1":"#ffffff","two_banner_bottom_title_size_1":"32","two_banner_bottom_description_1":"Cras porta purus eu gravida facilisis. Donec blandit ligula eu neque dapibus at eleifend nunc sagittis","two_banner_bottom_description_color_1":"#ffffff","two_banner_bottom_description_size_1":"14","two_banner_bottom_button_text_1":"Browse the Feature","two_banner_bottom_link_1":"http:\/\/www.shopify.com\/","two_banner_bottom_title_2":"Look of the day","two_banner_bottom_title_color_2":"#ffffff","two_banner_bottom_title_size_2":"32","two_banner_bottom_description_2":"Cras porta purus eu gravida facilisis. Donec blandit ligula eu neque dapibus at eleifend nunc sagittis","two_banner_bottom_description_color_2":"#ffffff","two_banner_bottom_description_size_2":"14","two_banner_bottom_button_text_2":"Browse the Feature","two_banner_bottom_link_2":"http:\/\/www.shopify.com\/","menu_instagram_link":"http:\/\/instagram.com\/shopify","display_aboutus_home":"true","aboutus_home_text_title":"Avenue De Boutique","aboutus_home_text_title_color":"#404e53","aboutus_home_text_description":"Phasellus fringilla malesuada ligula pulvinar commodo maecenas suscipit auctor sodales an comodous. Divamus consectetur nisl vel ante consectetur sodales. Class aptent tacitis litora torquent lorem an conubia der inceptos himenaeos. Avenue - Responsive Online Fashion Store for Shopify.","aboutus_home_text_description_color":"#404e53","aboutus_border_color":"#c4cdcd","aboutus_border_style":"solid","footer_address_color":"#5d9494","instagram_link_footer":"http:\/\/instagram.com\/shopify","display_footer_column_1_link_1":"true","footer_column_1_text_1":"About Us","footer_column_1_link_1":"\/pages\/about-us","display_footer_column_1_link_2":"true","footer_column_1_text_2":"Avenue Blog","footer_column_1_link_2":"\/blogs\/blog","display_footer_column_1_link_3":"true","footer_column_1_text_3":"Partners","footer_column_1_link_3":"http:\/\/twitter.com\/shopify","display_footer_column_1_link_4":"true","footer_column_1_text_4":"Press Release","footer_column_1_link_4":"http:\/\/twitter.com\/shopify","display_footer_column_1_link_5":"false","footer_column_1_text_5":"","footer_column_1_link_5":"","display_footer_column_1_link_6":"false","footer_column_1_text_6":"","footer_column_1_link_6":"","display_footer_column_2_link_1":"true","footer_column_2_text_1":"Contact Us","footer_column_2_link_1":"\/pages\/contact-us","display_footer_column_2_link_2":"true","footer_column_2_text_2":"Help & FAQs","footer_column_2_link_2":"http:\/\/twitter.com\/shopify","display_footer_column_2_link_3":"true","footer_column_2_text_3":"Shipping Info & Returns","footer_column_2_link_3":"http:\/\/twitter.com\/shopify","display_footer_column_2_link_4":"true","footer_column_2_text_4":"Consultant","footer_column_2_link_4":"http:\/\/twitter.com\/shopify","display_footer_column_2_link_5":"false","footer_column_2_text_5":"","footer_column_2_link_5":"","display_footer_column_2_link_6":"false","footer_column_2_text_6":"","footer_column_2_link_6":"","display_footer_column_3_link_1":"true","footer_column_3_text_1":"Cookies","footer_column_3_link_1":"http:\/\/twitter.com\/shopify","display_footer_column_3_link_2":"true","footer_column_3_text_2":"Terms & Conditions","footer_column_3_link_2":"http:\/\/twitter.com\/shopify","footer_column_3_text_3":"Returns Policy","footer_column_3_link_3":"http:\/\/twitter.com\/shopify","display_footer_column_3_link_4":"true","footer_column_3_text_4":"Other Information","footer_column_3_link_4":"http:\/\/twitter.com\/shopify","display_footer_column_3_link_5":"false","footer_column_3_text_5":"","footer_column_3_link_5":"","display_footer_column_3_link_6":"false","footer_column_3_text_6":"","footer_column_3_link_6":"","payment_methods_accepted_text":"","payment_text_color":"","display_text_free_shipping":"1","free_shipping_text":"Free Shipping Worldwide. No Minimum Ourchase required.","cart_text_color":"#66787f","cart_text_color_hover":"#090939","nav_border_style":"solid","nav_border_color":"#d2d8db","nav_border_top_color":"#00a6ff","nav_border_bottom_color":"#ff0000","height":"","display_product_detail_tab":"false","enable_lazy_loading":"true","infinite_scrolling_text":"Show More","infinite_scrolling":"true","use_logo":"true","enable_opengraph":"false","enable_twittercards":"false","footer_display_contact":"true","footer_contact_title":"Contact Us","footer_display_social":"true","footer_social_title":"Follow Us","ajax_cart_method":"Drawer","currency_format":"money_format","show_multiple_currencies":"true","twittercard_handle":"","blog_tag_background_color":"","blog_tag_background_hover_color":"","blog_tag_font_color":"","blog_tag_font_hover_color":"","display_blog_tags":"true","text_color":"#333333","link_color":"#333333","menu_color":"#333333","menu_bg_color":"#000000","footer_heading_color":"#e2e2e2","special_color":"#cc003e","second_special_color":"#ff2d6d","selection_color":"#cc003e","image_overlay_color":"#cc003e","product_display_related":"true","collection_sale_sticker_color":"","collection_display_browse?":"false","collection_display_vendor?":"false","collection_display_price?":"false","collection_display_sale?":"false","hide_view_collection_link":"false","display_feature_prouduct_home_page":"true","slide-des_1_slide-heading":"abc","slider_auto_advance":"5000","slider_item_1_link":"","slider_item_1_title":"","slider_item_2_link":"","slider_item_2_title":"","slider_item_3_link":"","slider_item_3_title":"","slider_item_4_link":"","slider_item_4_title":"","slider_item_5_link":"","slider_item_5_title":"","slider_item_6_link":"","slider_item_6_title":"","slider_item_1_text":"","slider_item_2_text":"","slider_item_3_text":"","slider_item_4_text":"","slider_item_5_text":"","slider_item_6_text":"","show_homepage_slider":"true","show_slider_item_1":"true","show_slider_item_2":"true","show_slider_item_3":"false","show_slider_item_4":"false","show_slider_item_5":"false","show_slider_item_6":"false","display_blog_dropdown":"true","display_collection_dropdown":"false","display_nav_search":"false","nav_link_color":"#333333","nav_link_hover_color":"#ffffff","selected_nav_link_color":"#ffffff","nav_becomes_fixed":"false","footer_contact_text":"","bg_x_position":"0","bg_y_position":"0","bg_color":"#ffffff","bg_repeat":"repeat","bg_overlay_color":"#0ef56b","show_bg_overlay":"true","bg_x_pos":"0","bg_y_pos":"0","supported_currencies":"AUD EUR GBP USD JPY BHD","product_related_title":"Related products","featured_products":"frontpage","display_footer_column_3_link_3":"true","border_color_product_item":"#ff0000","product_item_border":"true","product_main_height":"500","sections":{"homepage-flexslider":{"type":"homepage-flexslider","settings":{}},"homepage-block-banner-top":{"type":"homepage-block-banner-top","settings":{}},"homepage-block-new-arrivals":{"type":"homepage-block-new-arrivals","settings":{}},"homepage-block-banner":{"type":"homepage-block-banner","settings":{}},"homepage-block-trending":{"type":"homepage-block-trending","settings":{}},"homepage-block-banner-bottom":{"type":"homepage-block-banner-bottom","settings":{}},"homepage-block-three-banner-bottom":{"type":"homepage-block-three-banner-bottom","settings":{}},"homepage-block-banner-header":{"type":"homepage-block-banner-header","settings":{}}},"content_for_index":[]},"presets":{"White":{"enable_retina":true,"brand_type":"image","brand_text":"","min_height_logo":"53","display_header_top_text":true,"header_top_text":"Mid-Season Sale Up to 70% OFF. Use Code: “SALE70”.","header_top_link":"Shop Now","bg_header_top_color":"#ffe8e8","text_header_top_color":"#b05d5d","show_header_search":true,"search_placeholder":"search","display_header_text_order":true,"header_text_order":"Order online or call us (1800) 000 8808","header_text_order_text_color":"#141414","header_link_text_color":"#323232","display_header_free_shipping":true,"header_free_shipping":"Free shipping on All Orders. No Minimum Purchase.","header_free_shipping_text_color":"#000000","dropdowncart_type":"hover","bg_footer_img":"none","bg_footer_color":"#141414","bg_footer_position_x":"left","bg_footer_position_y":"top","bg_footer_repeat":"no-repeat","bg_footer_attachment":"scroll","bg_footer_line_color":"#282828","footer_title_color":"#ffffff","footer_link_color":"#969696","footer_column_1_title":"Shops","footer_column_2_title":"Information","footer_column_3_title":"Customer Service","display_social":true,"footer_column_4_title":"Stay Connected","footer_social_link_1":"http:\/\/facebook.com\/shopify","footer_social_link_2":"http:\/\/twitter.com\/shopify","footer_social_link_3":"http:\/\/twitter.com\/shopify","footer_social_link_4":"http:\/\/twitter.com\/shopify","footer_social_link_5":"http:\/\/twitter.com\/shopify","footer_display_newsletter":true,"footer_newsletter_title":"Newsletter Sign Up","mailing_list_form_action":"","display_footer_address":true,"footer_address_code":"© 2018 Detox Store Shopify. All Rights Reserved. <br>Designed by <a href=\"http:\/\/3oneseven.com\/\" >milo<\/a>.","payment_methods_display_visa?":true,"payment_methods_display_american-express?":true,"payment_methods_display_mastercard?":true,"payment_methods_display_discover?":false,"payment_methods_display_paypal?":true,"payment_methods_display_google-checkout?":false,"payment_methods_display_maestro?":false,"payment_methods_display_cirrus?":false,"bg_body_img":"none","bg_body_color":"#ffffff","bg_body_position_x":"left","bg_body_position_y":"top","bg_body_repeat":"repeat","bg_body_attachment":"scroll","body_font_size":"12","body_color":"#2d2d2d","display_breadcrumb":true,"breadcrumb_color":"#848484","breadcrumb_text_transform":"lowercase","page_title_color":"#000000","page_title_text_align":"left","display_megamenu":true,"megamenu_items":"Shop","enable_new":false,"menu_link_image":"\/collections","display_fixtop_menu":true,"show_featured_product_menu":true,"menu_featured_product_title":"Featured Products","nav_bg_color":"#141414","nav_link_top_color":"#ffffff","nav_link_top_hover_color":"#ffffff","show_dropdown_arrow":true,"nav_dropdown_border_style":"solid","nav_dropdown_border_color":"#c5cacb","nav_dropdown_bg_color":"#ffffff","nav_dropdown_link_color":"#000000","nav_dropdown_link_color_hover":"#000000","primary_button_bg_color":"#000000","primary_button_border_color":"#000000","primary_button_text_color":"#ffffff","primary_button_bg_color_hover":"#ffffff","primary_button_border_color_hover":"#000000","primary_button_text_color_hover":"#000000","second_button_bg_color":"#ffffff","second_button_border_color":"#7d7d7d","second_button_text_color":"#000000","second_button_bg_color_hover":"#e95144","second_button_border_color_hover":"#e95144","second_button_text_color_hover":"#ffffff","display_three_block_banner":true,"three_block_banner_color":"#ffffff","three_block_banner_size":"13","display_banner_text_1":true,"three_block_banner_text_1":"Editor’s Pick","three_block_banner_link_1":"http:\/\/www.shopify.com\/","three_block_banner_color_1":"#ffffff","three_block_banner_size_1":"13","display_banner_text_2":true,"three_block_banner_text_2":"Shoes","three_block_banner_link_2":"http:\/\/www.shopify.com\/","three_block_banner_color_2":"#000000","three_block_banner_size_2":"13","display_banner_text_3":true,"three_block_banner_text_3":"Accessories","three_block_banner_link_3":"http:\/\/www.shopify.com\/","three_block_banner_color_3":"#ffffff","three_block_banner_size_3":"13","show_product_list_home_page":true,"product_list_title":"New Arrivals","product_list_limit_all":"30","display_infinite_scrolling_homepage":true,"product_list_infinite_scrolling_text":"Show More","product_list_no_more_product_text":"No More Product","product_list_limit":"10","collection_results_per_row1":"5","display_banner":true,"banner_text_title":"Milancelos","banner_text_title_color":"#000000","banner_text_description":"Pellentesque posuere orci lobortis scelerisque blandit. Donec id tellus lacinia an, tincidunt risus ac, consequat velit. Quisquemos sodales suscipit tortor ditaemcos condimentum lacus meleifend menean viverra auctor blanditos comodous.","banner_text_description_color":"#2d2d2d","banner_button_text":"Shop The Collection","show_slider_trending":true,"slider_trending_title":"Trending Now","slider_trending_limit_all":"10","trending_collection_results_per_row":"5","display_three_banner_bottom":true,"banner_home_bottom_title":"#Featured","three_banner_bottom_title_color":"#000000","three_banner_bottom_title_size":"20","three_banner_bottom_description_color":"#2d2d2d","three_banner_bottom_description_size":"12","display_banner_title_1":true,"three_banner_bottom_title_1":"Lorem Et Dorus","three_banner_bottom_title_color_1":"#000000","three_banner_bottom_title_size_1":"20","display_banner_description_1":true,"three_banner_bottom_description_1":"Nullam aliquet vestibulum augue non varius. Cras nec congue elitos. Duis tristique del ante nec aliquam. Praesent urna tellus laoreet an tellus ullamcorper fermentum facilisis eratum.","three_banner_bottom_description_color_1":"#2d2d2d","three_banner_bottom_description_size_1":"12","display_banner_button_1":true,"three_banner_bottom_button_text_1":"Shop Now","three_banner_bottom_link_1":"\/collections","display_banner_title_2":true,"three_banner_bottom_title_2":"Milancelos A Lanos","three_banner_bottom_title_color_2":"#000000","three_banner_bottom_title_size_2":"20","display_banner_description_2":true,"three_banner_bottom_description_2":"Nullam aliquet vestibulum augue non varius. Cras nec congue elitos. Duis tristique del ante nec aliquam. Praesent urna tellus laoreet an tellus ullamcorper fermentum facilisis eratum.","three_banner_bottom_description_color_2":"#2d2d2d","three_banner_bottom_description_size_2":"12","display_banner_button_2":true,"three_banner_bottom_button_text_2":"Shop Now","three_banner_bottom_link_2":"\/collections","display_banner_title_3":true,"three_banner_bottom_title_3":"Comos De Milano","three_banner_bottom_title_color_3":"#000000","three_banner_bottom_title_size_3":"20","display_banner_description_3":true,"three_banner_bottom_description_3":"Nullam aliquet vestibulum augue non varius. Cras nec congue elitos. Duis tristique del ante nec aliquam. Praesent urna tellus laoreet an tellus ullamcorper fermentum facilisis eratum.","three_banner_bottom_description_color_3":"#2d2d2d","three_banner_bottom_description_size_3":"12","display_banner_button_3":true,"three_banner_bottom_button_text_3":"Shop Now","three_banner_bottom_link_3":"\/collections","display_brands_slider":true,"brands_slider_image_1_title":"Loremous","brands_slider_image_1_link":"http:\/\/twitter.com\/shopify","brands_slider_image_2_title":"Detox","brands_slider_image_2_link":"http:\/\/twitter.com\/shopify","brands_slider_image_3_title":"Magcor","brands_slider_image_3_link":"http:\/\/twitter.com\/shopify","brands_slider_image_4_title":"Fermends","brands_slider_image_4_link":"http:\/\/twitter.com\/shopify","brands_slider_image_5_title":"Conseqaur","brands_slider_image_5_link":"http:\/\/twitter.com\/shopify","brands_slider_image_6_title":"Loremous","brands_slider_image_6_link":"http:\/\/twitter.com\/shopify","brands_slider_image_7_title":"Detox","brands_slider_image_7_link":"http:\/\/twitter.com\/shopify","brands_slider_image_8_title":"Magcor","brands_slider_image_8_link":"http:\/\/twitter.com\/shopify","brands_slider_image_9_title":"Fermends","brands_slider_image_9_link":"http:\/\/twitter.com\/shopify","brands_slider_image_10_title":"Conseqaur","brands_slider_image_10_link":"http:\/\/twitter.com\/shopify","show_instagram":true,"instagram_title":"#Instagram","instagram_des":"Phasellus lorem malesuada ligula pulvinar commodo maecenas suscipit auctom.","display_instagram_button":true,"instagram_button_text":"View Gallery","tag-name":"nycbicycle","client-id":"bf36974dab61492aa26bd3ea2c92cefe","limit":"10","display_slideshow":true,"slideshow_speed":"5000","slideshow_transition":"fade","slide_heading_color":"#000000","slide_heading_size":"40","slide_text_color":"#ffffff","slide_text_size":"12","display_slideshow_1":true,"image_1_link":"http:\/\/twitter.com\/shopify","image_1_alt":"Lorem a Cosmo","slide-heading_1":"Lorem a Cosmo","slide_heading_color_1":"#000000","slide_heading_size_1":"40","slide-text_1":"Pellentesque posuere orci lobortis scelerisque blandit. Donec id tellus lacinia an, tincidunt risus ac, consequat velit. Quisquemos sodales suscipit tortor ditaemcos condimentum lacus meleifend menean viverra auctor blanditos comodous.","slide_text_color_1":"#2d2d2d","slide_text_size_1":"12","button-text_1":"Shop The Collection","display_slideshow_2":true,"image_2_link":"http:\/\/twitter.com\/shopify","image_2_alt":"","slide-heading_2":"","slide_heading_color_2":"#ffffff","slide_heading_size_2":"50","slide-text_2":"","slide_text_color_2":"#ffffff","slide_text_size_2":"11","button-text_2":"Shop Now","display_slideshow_3":true,"image_3_link":"http:\/\/twitter.com\/shopify","image_3_alt":"Loremous","slide-heading_3":"Loremous","slide_heading_color_3":"#000000","slide_heading_size_3":"40","slide-text_3":"Pellentesque posuere orci lobortis scelerisque blandit. Donec id tellus lacinia an, tincidunt risus ac, consequat velit. Quisquemos sodales suscipit tortor ditaemcos condimentum lacus meleifend menean viverra auctor blanditos comodous.","slide_text_color_3":"#2d2d2d","slide_text_size_3":"12","button-text_3":"Shop The Collection","display_slideshow_4":false,"image_4_link":"","image_4_alt":"","slide-heading_4":"","slide_heading_color_4":"#ffffff","slide_heading_size_4":"64","slide-text_4":"","slide_text_color_4":"#ffffff","slide_text_size_4":"14","button-text_4":"","display_slideshow_5":false,"image_5_link":"","image_5_alt":"","slide-heading_5":"","slide_heading_color_5":"#ffffff","slide_heading_size_5":"64","slide-text_5":"","slide_text_color_5":"#ffffff","slide_text_size_5":"14","button-text_5":"","display_slideshow_6":false,"image_6_link":"","image_6_alt":"","slide-heading_6":"","slide_heading_color_6":"#ffffff","slide_heading_size_6":"64","slide-text_6":"","slide_text_color_6":"#ffffff","slide_text_size_6":"14","button-text_6":"","display_slideshow_7":false,"image_7_link":"","image_7_alt":"","slide-heading_7":"","slide_heading_color_7":"#ffffff","slide_heading_size_7":"64","slide-text_7":"","slide_text_color_7":"#ffffff","slide_text_size_7":"14","button-text_7":"","display_slideshow_8":false,"image_8_link":"","image_8_alt":"","slide-heading_8":"","slide_heading_color_8":"#ffffff","slide_heading_size_8":"64","slide-text_8":"","slide_text_color_8":"#ffffff","slide_text_size_8":"14","button-text_8":"","display_slideshow_9":false,"image_9_link":"","image_9_alt":"","slide-heading_9":"","slide_heading_color_9":"#ffffff","slide_heading_size_9":"64","slide-text_9":"","slide_text_color_9":"#ffffff","slide_text_size_9":"14","button-text_9":"","display_slideshow_10":false,"image_10_link":"","image_10_alt":"","slide-heading_10":"","slide_heading_color_10":"#ffffff","slide_heading_size_10":"64","slide-text_10":"","slide_text_color_10":"#ffffff","slide_text_size_10":"14","button-text_10":"","display_popup_newsletter":true,"popup_newsletter_title":"Join Our Mailing List","popup_newsletter_sub_title":"Pellentesque de fermentum mollis comodous an loremous","popup_newsletter_message":"Sign Up for exclusive updates, new arrivals <br>and insider-only discounts","display_popup_social":true,"display_popup_social_1":true,"popup_social_1_link":"http:\/\/www.facebook.com\/Shopify","display_popup_social_2":true,"popup_social_2_link":"http:\/\/www.twitter.com\/shopify","display_popup_social_3":true,"popup_social_3_link":"https:\/\/plus.google.com\/+shopify","display_popup_social_4":true,"popup_social_4_link":"http:\/\/instagram.com\/shopify","display_popup_social_5":true,"popup_social_5_link":"http:\/\/instagram.com\/shopify","display_popup_social_6":true,"popup_social_6_link":"http:\/\/instagram.com\/shopify","display_sidebar_categories":true,"sidebar_categories_title":"Categories","enable_shop_by_tags_1":true,"shop_by_tags_1_title":"Color","shop_by_color_text_1":"Beige","shop_by_color_text_2":"Red","shop_by_color_text_3":"White","shop_by_color_text_4":"Pink","shop_by_color_text_5":"Silver","shop_by_color_text_6":"Blue","shop_by_color_text_7":"Gray","shop_by_color_text_8":"Black","shop_by_color_text_9":"Green","shop_by_color_text_10":"","enable_shop_by_tags_2":true,"shop_by_tags_2_title":"Size","shop_by_tags_2_list_tags":"XS, S, M, L, XL","enable_shop_by_tags_3":true,"shop_by_tags_3_title":"Price","shop_by_tags_3_list_tags":"Under $100, $100 - $200, Above $200","enable_shop_by_tags_4":true,"shop_by_tags_4_title":"Brand","shop_by_tags_4_list_tags":"Chanel, Dior, Gap","show_featured_product":true,"featured_product_title":"Featured Products","featured_product_limit_all":"8","display_banner_sidebar":true,"banner_sidebar_link":"#","display_sidebar_custom":true,"custom_cms_title":"Custom CMS Block","custom_cms_text":"<p>Custom CMS block displayed at the left sidebar on the Catalog Page. Put your own content here: text, html, images, media... whatever you like.<\/p><p>There are many similar sample content placeholders across the store. All editable from admin panel.<\/p>","enable_wishlist":true,"product_image_border":false,"product_image_border_color":"#c3c3c3","product_image_crop":true,"product_image_ratio_width":"1","product_image_ratio_height":"1.35","display_image_cat":true,"collection_results_per_page":"12","collection_results_per_row":"4","collection_infinite_scrolling":false,"collection_infinite_scrolling_text":"Show More","collection_infinite_scrolling_no_more_product_text":"No more product","style_moreview":"horizontal","display_prev_next_product":true,"display_availability":true,"display_product_type":true,"display_vendor":true,"use_color_swatch":true,"display_subtotal":true,"display_product_detail_tag":false,"display_product_detail_share":true,"text_share":"<strong>Share:<\/strong> Get $20 for every friend who join us & makes a purchase!","social_title_1":"Email","social_link_1":"mailto:milo@3oneseven.com","social_title_2":"Share Facebook","social_link_2":"#","social_title_3":"Twitter","social_link_3":"#","social_title_4":"Pinterest","social_link_4":"#","social_title_5":"Google+","social_link_5":"#","social_title_6":"Instagram","social_link_6":"#","display_product_detail_description":true,"product_description_title":"Product Description","display_custom_tab":true,"custom_tab_title":"Shipping & Returns","custom_tab_content":"<h4>Returns Policy<\/h4><p>You may return most new, unopened items within 30 days of delivery for a full refund. We'll also pay the return shipping costs if the return is a result of our error (you received an incorrect or defective item, etc.).<\/p><p>You should expect to receive your refund within four weeks of giving your package to the return shipper, however, in many cases you will receive a refund more quickly. This time period includes the transit time for us to receive your return from the shipper (5 to 10 business days), the time it takes us to process your return once we receive it (3 to 5 business days), and the time it takes your bank to process our refund request (5 to 10 business days).<\/p><p>If you need to return an item, simply login to your account, view the order using the 'Complete Orders' link under the My Account menu and click the Return Item(s) button. We'll notify you via e-mail of your refund once we've received and processed the returned item.<\/p><h4>Shipping<\/h4><p>We can ship to virtually any address in the world. Note that there are restrictions on some products, and some products cannot be shipped to international destinations.<\/p><p>When you place an order, we will estimate shipping and delivery dates for you based on the availability of your items and the shipping options you choose. Depending on the shipping provider you choose, shipping date estimates may appear on the shipping quotes page.<\/p><p>Please also note that the shipping rates for many items we sell are weight-based. The weight of any such item can be found on its detail page. To reflect the policies of the shipping companies we use, all weights will be rounded up to the next full pound.<\/p>","display_size_chart":true,"custom_size_chart_title":"Size Chart","display_product_reviews":true,"product_review_title":"Customer Reviews","display_related_products":true,"related_products_title":"Related Products","number_of_related_products":"8","related_products_type":"tags","display_recently_viewed_products":true,"recently_viewed_products_title":"Recently Viewed Products","number_of_recently_viewed_products":"8","enable_quick_view":true,"display_quickview_availability":true,"display_quickview_product_type":true,"display_quickview_vendor":true,"display_quickview_subtotal":true,"cart_notes":true,"ajax_cart":true,"show_shipping_calculator":true,"shipping_calculator_heading":"Get shipping estimates","shipping_calculator_default_country":"United States","shipping_calculator_submit_button_label":"Calculate Shipping","shipping_calculator_submit_button_label_disabled":"Calculating...","enable_multiple_currencies":true,"currency_1_unit":"AUD","currency_2_unit":"EUR","currency_3_unit":"GBP","currency_4_unit":"USD","display_google_map":true,"google_map_code":"<iframe src='https:\/\/maps.google.com\/maps?f=q&amp;source=s_q&amp;hl=vi&amp;geocode=&amp;q=4+Nguy%E1%BB%85n+%C4%90%C3%ACnh+chi%E1%BB%83u,+%C4%90a+Kao,+Qu%E1%BA%ADn+1&amp;aq=&amp;sll=37.0625,-95.677068&amp;sspn=41.903538,86.572266&amp;ie=UTF8&amp;hq=&amp;hnear=4+Nguy%E1%BB%85n+%C4%90%C3%ACnh+Chi%E1%BB%83u,+%C4%90a+Kao,+Qu%E1%BA%ADn+1,+H%E1%BB%93+Ch%C3%AD+Minh,+Vi%E1%BB%87t+Nam&amp;t=m&amp;ll=10.797518,106.700377&amp;spn=0.014754,0.071197&amp;z=15&amp;iwloc=A&amp;output=embed' frameborder='0' marginwidth='0' marginheight='0' scrolling='no' width='100%'' height='350'><\/iframe>","contact_your_name":"","contact_phone_number":"","contact_your_email":"","contact_your_comment":"","display_location":true,"location_code":"<h4>Please do get in touch!<\/h4><p class=\"line\"><\/p><p>We'd love to hear from you - please use the form to send us your message or ideas. Or simply pop in for a cup of fresh tea and a cookie:<\/p><p>8808 Ave Dermentum, Onsectetur Adipiscing<br>Tortor Sagittis, CA 880986,<br>United States<\/p><p>9087S Divamus Faucibus Str., <br> City name,<br> Postal Code,<br>CA 90896 <br>United States<\/p><p>Email: stores@domain.com<br>Toll-free: (1800) 000 8808<\/p><p class=\"open-hours\">Opening Hours:<br>Monday to Saturday: 9am - 10pm<br>Sundays: 10am - 6pm<\/p>","enable_lazy_loading_pc":true,"enable_lazy_loading_mobile":false,"font_1":"google_fonts","font_2":"google_fonts","font_3":"google_fonts","checkout_use_header_image":true,"checkout_banner_background_color":"#ffffff","checkout_logo":"checkout_logo.png","checkout_headline":"","checkout_accent_color":"#2d2d2d","checkout_button_color":"#000000","checkout_call_to_action_color":"#000000","customer_layout":"theme","facebook_link":"http:\/\/facebook.com\/shopify","twitter_link":"http:\/\/twitter.com\/shopify","google_link":"http:\/\/twitter.com\/shopify","instagram_link":"http:\/\/twitter.com\/shopify","rss_link":"http:\/\/twitter.com\/shopify","share_email_title":"Email","share_email_link":"mailto:milo@3oneseven.com","share_fb_title":"Share Facebook","share_fb_link":"#","share_tw_title":"Twitter","share_tw_link":"#","share_pin_title":"Pinterest","share_pin_link":"#","share_google_title":"Google+","share_google_link":"#","share_ins_title":"Instagram","share_ins_link":"#","display_new":"true","display_icon_new":"true","product_item_no_hover":"false","contact_field_code":"<h2>Drop Us A Line<\/h2>\r\n            <label for=\"contactFormName\">Your Name<\/label>\r\n            <input type=\"text\" id=\"contactFormName\" name=\"contact[name]\" placeholder=\"Your Name\" autocapitalize=\"words\">\r\n                     \r\n  \r\n            <label for=\"contactFormEmail\">Email<em>*<\/em><\/label>\r\n            <input type=\"email\" name=\"contact[email]\" placeholder=\"you@email.com\" id=\"contactFormEmail\" autocorrect=\"off\" autocapitalize=\"off\">\r\n  \r\n            <label for=\"contactFormPhone\">Phone Number<\/label>\r\n            <input type=\"tel\" name=\"contact[phone]\" id=\"contactFormPhone\" placeholder=\"Phone Number\" pattern=\"[0-9]*\">\r\n  \r\n            <label for=\"contactFormMessage\">Your Comment <em>*<\/em><\/label>\r\n            <textarea rows=\"10\" name=\"contact[body]\" placeholder=\"Your Message\" id=\"contactFormMessage\"><\/textarea>\r\n  \r\n            <input type=\"submit\" class=\"btn left\" value=\"Submit Contact\">","display_two_banner_bottom":"true","two_banner_bottom_title_color":"#ffffff","two_banner_bottom_title_size":"32","two_banner_bottom_description_color":"#ffffff","two_banner_bottom_description_size":"14","two_banner_bottom_title_1":"bags &amp; Purses","two_banner_bottom_title_color_1":"#ffffff","two_banner_bottom_title_size_1":"32","two_banner_bottom_description_1":"Cras porta purus eu gravida facilisis. Donec blandit ligula eu neque dapibus at eleifend nunc sagittis","two_banner_bottom_description_color_1":"#ffffff","two_banner_bottom_description_size_1":"14","two_banner_bottom_button_text_1":"Browse the Feature","two_banner_bottom_link_1":"http:\/\/www.shopify.com\/","two_banner_bottom_title_2":"Look of the day","two_banner_bottom_title_color_2":"#ffffff","two_banner_bottom_title_size_2":"32","two_banner_bottom_description_2":"Cras porta purus eu gravida facilisis. Donec blandit ligula eu neque dapibus at eleifend nunc sagittis","two_banner_bottom_description_color_2":"#ffffff","two_banner_bottom_description_size_2":"14","two_banner_bottom_button_text_2":"Browse the Feature","two_banner_bottom_link_2":"http:\/\/www.shopify.com\/","menu_instagram_link":"http:\/\/instagram.com\/shopify","display_aboutus_home":"true","aboutus_home_text_title":"Avenue De Boutique","aboutus_home_text_title_color":"#404e53","aboutus_home_text_description":"Phasellus fringilla malesuada ligula pulvinar commodo maecenas suscipit auctor sodales an comodous. Divamus consectetur nisl vel ante consectetur sodales. Class aptent tacitis litora torquent lorem an conubia der inceptos himenaeos. Avenue - Responsive Online Fashion Store for Shopify.","aboutus_home_text_description_color":"#404e53","aboutus_border_color":"#c4cdcd","aboutus_border_style":"solid","footer_address_color":"#5d9494","instagram_link_footer":"http:\/\/instagram.com\/shopify","display_footer_column_1_link_1":"true","footer_column_1_text_1":"About Us","footer_column_1_link_1":"\/pages\/about-us","display_footer_column_1_link_2":"true","footer_column_1_text_2":"Avenue Blog","footer_column_1_link_2":"\/blogs\/blog","display_footer_column_1_link_3":"true","footer_column_1_text_3":"Partners","footer_column_1_link_3":"http:\/\/twitter.com\/shopify","display_footer_column_1_link_4":"true","footer_column_1_text_4":"Press Release","footer_column_1_link_4":"http:\/\/twitter.com\/shopify","display_footer_column_1_link_5":"false","footer_column_1_text_5":"","footer_column_1_link_5":"","display_footer_column_1_link_6":"false","footer_column_1_text_6":"","footer_column_1_link_6":"","display_footer_column_2_link_1":"true","footer_column_2_text_1":"Contact Us","footer_column_2_link_1":"\/pages\/contact-us","display_footer_column_2_link_2":"true","footer_column_2_text_2":"Help & FAQs","footer_column_2_link_2":"http:\/\/twitter.com\/shopify","display_footer_column_2_link_3":"true","footer_column_2_text_3":"Shipping Info & Returns","footer_column_2_link_3":"http:\/\/twitter.com\/shopify","display_footer_column_2_link_4":"true","footer_column_2_text_4":"Consultant","footer_column_2_link_4":"http:\/\/twitter.com\/shopify","display_footer_column_2_link_5":"false","footer_column_2_text_5":"","footer_column_2_link_5":"","display_footer_column_2_link_6":"false","footer_column_2_text_6":"","footer_column_2_link_6":"","display_footer_column_3_link_1":"true","footer_column_3_text_1":"Cookies","footer_column_3_link_1":"http:\/\/twitter.com\/shopify","display_footer_column_3_link_2":"true","footer_column_3_text_2":"Terms & Conditions","footer_column_3_link_2":"http:\/\/twitter.com\/shopify","footer_column_3_text_3":"Returns Policy","footer_column_3_link_3":"http:\/\/twitter.com\/shopify","display_footer_column_3_link_4":"true","footer_column_3_text_4":"Other Information","footer_column_3_link_4":"http:\/\/twitter.com\/shopify","display_footer_column_3_link_5":"false","footer_column_3_text_5":"","footer_column_3_link_5":"","display_footer_column_3_link_6":"false","footer_column_3_text_6":"","footer_column_3_link_6":"","payment_methods_accepted_text":"","payment_text_color":"","display_text_free_shipping":"1","free_shipping_text":"Free Shipping Worldwide. No Minimum Ourchase required.","cart_text_color":"#66787f","cart_text_color_hover":"#090939","nav_border_style":"solid","nav_border_color":"#d2d8db","nav_border_top_color":"#00a6ff","nav_border_bottom_color":"#ff0000","height":"","display_product_detail_tab":"false","enable_lazy_loading":"true","infinite_scrolling_text":"Show More","infinite_scrolling":"true","use_logo":"true","enable_opengraph":"false","enable_twittercards":"false","footer_display_contact":"true","footer_contact_title":"Contact Us","footer_display_social":"true","footer_social_title":"Follow Us","ajax_cart_method":"Drawer","currency_format":"money_format","show_multiple_currencies":"true","twittercard_handle":"","blog_tag_background_color":"","blog_tag_background_hover_color":"","blog_tag_font_color":"","blog_tag_font_hover_color":"","display_blog_tags":"true","text_color":"#333333","link_color":"#333333","menu_color":"#333333","menu_bg_color":"#000000","footer_heading_color":"#e2e2e2","special_color":"#cc003e","second_special_color":"#ff2d6d","selection_color":"#cc003e","image_overlay_color":"#cc003e","product_display_related":"true","collection_sale_sticker_color":"","collection_display_browse?":"false","collection_display_vendor?":"false","collection_display_price?":"false","collection_display_sale?":"false","hide_view_collection_link":"false","display_feature_prouduct_home_page":"true","slide-des_1_slide-heading":"abc","slider_auto_advance":"5000","slider_item_1_link":"","slider_item_1_title":"","slider_item_2_link":"","slider_item_2_title":"","slider_item_3_link":"","slider_item_3_title":"","slider_item_4_link":"","slider_item_4_title":"","slider_item_5_link":"","slider_item_5_title":"","slider_item_6_link":"","slider_item_6_title":"","slider_item_1_text":"","slider_item_2_text":"","slider_item_3_text":"","slider_item_4_text":"","slider_item_5_text":"","slider_item_6_text":"","show_homepage_slider":"true","show_slider_item_1":"true","show_slider_item_2":"true","show_slider_item_3":"false","show_slider_item_4":"false","show_slider_item_5":"false","show_slider_item_6":"false","display_blog_dropdown":"true","display_collection_dropdown":"false","display_nav_search":"false","nav_link_color":"#333333","nav_link_hover_color":"#ffffff","selected_nav_link_color":"#ffffff","nav_becomes_fixed":"false","footer_contact_text":"","bg_x_position":"0","bg_y_position":"0","bg_color":"#ffffff","bg_repeat":"repeat","bg_overlay_color":"#0ef56b","show_bg_overlay":"true","bg_x_pos":"0","bg_y_pos":"0","supported_currencies":"AUD EUR GBP USD JPY BHD","product_related_title":"Related products","featured_products":"frontpage","display_footer_column_3_link_3":"true","border_color_product_item":"#ff0000","product_item_border":"true","product_main_height":"500"},"Dark":{"enable_retina":true,"brand_type":"image","brand_text":"","min_height_logo":"53","display_header_top_text":true,"header_top_text":"Mid-Season Sale Up to 70% OFF. Use Code: “SALE70”.","header_top_link":"Shop Now","bg_header_top_color":"#ffe8e8","text_header_top_color":"#b05d5d","show_header_search":true,"search_placeholder":"search","display_header_text_order":true,"header_text_order":"Order online or call us (1800) 000 8808","header_text_order_text_color":"#141414","header_link_text_color":"#323232","display_header_free_shipping":true,"header_free_shipping":"Free shipping on All Orders. No Minimum Purchase.","header_free_shipping_text_color":"#000000","dropdowncart_type":"hover","bg_footer_img":"none","bg_footer_color":"#141414","bg_footer_position_x":"left","bg_footer_position_y":"top","bg_footer_repeat":"no-repeat","bg_footer_attachment":"scroll","bg_footer_line_color":"#282828","footer_title_color":"#ffffff","footer_link_color":"#969696","footer_column_1_title":"Shops","footer_column_2_title":"Information","footer_column_3_title":"Customer Service","display_social":true,"footer_column_4_title":"Stay Connected","footer_social_link_1":"http:\/\/facebook.com\/shopify","footer_social_link_2":"http:\/\/twitter.com\/shopify","footer_social_link_3":"http:\/\/twitter.com\/shopify","footer_social_link_4":"http:\/\/twitter.com\/shopify","footer_social_link_5":"http:\/\/twitter.com\/shopify","footer_display_newsletter":true,"footer_newsletter_title":"Newsletter Sign Up","mailing_list_form_action":"","display_footer_address":true,"footer_address_code":"© 2018 Detox Store Shopify. All Rights Reserved. <br>Designed by <a href=\"http:\/\/3oneseven.com\/\">milo<\/a>.","payment_methods_display_visa?":true,"payment_methods_display_american-express?":true,"payment_methods_display_mastercard?":true,"payment_methods_display_discover?":false,"payment_methods_display_paypal?":true,"payment_methods_display_google-checkout?":false,"payment_methods_display_maestro?":false,"payment_methods_display_cirrus?":false,"bg_body_img":"none","bg_body_color":"#ffffff","bg_body_position_x":"left","bg_body_position_y":"top","bg_body_repeat":"repeat","bg_body_attachment":"scroll","body_font_size":"12","body_color":"#2d2d2d","display_breadcrumb":true,"breadcrumb_color":"#848484","breadcrumb_text_transform":"lowercase","page_title_color":"#000000","page_title_text_align":"left","display_megamenu":true,"megamenu_items":"Shop","enable_new":false,"menu_link_image":"\/collections","display_fixtop_menu":true,"show_featured_product_menu":true,"menu_featured_product_title":"Featured Products","nav_bg_color":"#141414","nav_link_top_color":"#ffffff","nav_link_top_hover_color":"#ffffff","show_dropdown_arrow":true,"nav_dropdown_border_style":"solid","nav_dropdown_border_color":"#c5cacb","nav_dropdown_bg_color":"#ffffff","nav_dropdown_link_color":"#000000","nav_dropdown_link_color_hover":"#000000","primary_button_bg_color":"#000000","primary_button_border_color":"#000000","primary_button_text_color":"#ffffff","primary_button_bg_color_hover":"#ffffff","primary_button_border_color_hover":"#000000","primary_button_text_color_hover":"#000000","second_button_bg_color":"#ffffff","second_button_border_color":"#7d7d7d","second_button_text_color":"#000000","second_button_bg_color_hover":"#e95144","second_button_border_color_hover":"#e95144","second_button_text_color_hover":"#ffffff","display_three_block_banner":true,"three_block_banner_color":"#ffffff","three_block_banner_size":"13","display_banner_text_1":true,"three_block_banner_text_1":"Editor’s Pick","three_block_banner_link_1":"http:\/\/www.shopify.com\/","three_block_banner_color_1":"#ffffff","three_block_banner_size_1":"13","display_banner_text_2":true,"three_block_banner_text_2":"Shoes","three_block_banner_link_2":"http:\/\/www.shopify.com\/","three_block_banner_color_2":"#000000","three_block_banner_size_2":"13","display_banner_text_3":true,"three_block_banner_text_3":"Accessories","three_block_banner_link_3":"http:\/\/www.shopify.com\/","three_block_banner_color_3":"#ffffff","three_block_banner_size_3":"13","show_product_list_home_page":true,"product_list_title":"New Arrivals","product_list_limit_all":"30","display_infinite_scrolling_homepage":true,"product_list_infinite_scrolling_text":"Show More","product_list_no_more_product_text":"No More Product","product_list_limit":"10","collection_results_per_row1":"5","display_banner":true,"banner_text_title":"Milancelos","banner_text_title_color":"#000000","banner_text_description":"Pellentesque posuere orci lobortis scelerisque blandit. Donec id tellus lacinia an, tincidunt risus ac, consequat velit. Quisquemos sodales suscipit tortor ditaemcos condimentum lacus meleifend menean viverra auctor blanditos comodous.","banner_text_description_color":"#2d2d2d","banner_button_text":"Shop The Collection","show_slider_trending":true,"slider_trending_title":"Trending Now","slider_trending_limit_all":"10","trending_collection_results_per_row":"5","display_three_banner_bottom":true,"banner_home_bottom_title":"#Featured","three_banner_bottom_title_color":"#000000","three_banner_bottom_title_size":"20","three_banner_bottom_description_color":"#2d2d2d","three_banner_bottom_description_size":"12","display_banner_title_1":true,"three_banner_bottom_title_1":"Lorem Et Dorus","three_banner_bottom_title_color_1":"#000000","three_banner_bottom_title_size_1":"20","display_banner_description_1":true,"three_banner_bottom_description_1":"Nullam aliquet vestibulum augue non varius. Cras nec congue elitos. Duis tristique del ante nec aliquam. Praesent urna tellus laoreet an tellus ullamcorper fermentum facilisis eratum.","three_banner_bottom_description_color_1":"#2d2d2d","three_banner_bottom_description_size_1":"12","display_banner_button_1":true,"three_banner_bottom_button_text_1":"Shop Now","three_banner_bottom_link_1":"\/collections","display_banner_title_2":true,"three_banner_bottom_title_2":"Milancelos A Lanos","three_banner_bottom_title_color_2":"#000000","three_banner_bottom_title_size_2":"20","display_banner_description_2":true,"three_banner_bottom_description_2":"Nullam aliquet vestibulum augue non varius. Cras nec congue elitos. Duis tristique del ante nec aliquam. Praesent urna tellus laoreet an tellus ullamcorper fermentum facilisis eratum.","three_banner_bottom_description_color_2":"#2d2d2d","three_banner_bottom_description_size_2":"12","display_banner_button_2":true,"three_banner_bottom_button_text_2":"Shop Now","three_banner_bottom_link_2":"\/collections","display_banner_title_3":true,"three_banner_bottom_title_3":"Comos De Milano","three_banner_bottom_title_color_3":"#000000","three_banner_bottom_title_size_3":"20","display_banner_description_3":true,"three_banner_bottom_description_3":"Nullam aliquet vestibulum augue non varius. Cras nec congue elitos. Duis tristique del ante nec aliquam. Praesent urna tellus laoreet an tellus ullamcorper fermentum facilisis eratum.","three_banner_bottom_description_color_3":"#2d2d2d","three_banner_bottom_description_size_3":"12","display_banner_button_3":true,"three_banner_bottom_button_text_3":"Shop Now","three_banner_bottom_link_3":"\/collections","display_brands_slider":true,"brands_slider_image_1_title":"Loremous","brands_slider_image_1_link":"http:\/\/twitter.com\/shopify","brands_slider_image_2_title":"Detox","brands_slider_image_2_link":"http:\/\/twitter.com\/shopify","brands_slider_image_3_title":"Magcor","brands_slider_image_3_link":"http:\/\/twitter.com\/shopify","brands_slider_image_4_title":"Fermends","brands_slider_image_4_link":"http:\/\/twitter.com\/shopify","brands_slider_image_5_title":"Conseqaur","brands_slider_image_5_link":"http:\/\/twitter.com\/shopify","brands_slider_image_6_title":"Loremous","brands_slider_image_6_link":"http:\/\/twitter.com\/shopify","brands_slider_image_7_title":"Detox","brands_slider_image_7_link":"http:\/\/twitter.com\/shopify","brands_slider_image_8_title":"Magcor","brands_slider_image_8_link":"http:\/\/twitter.com\/shopify","brands_slider_image_9_title":"Fermends","brands_slider_image_9_link":"http:\/\/twitter.com\/shopify","brands_slider_image_10_title":"Conseqaur","brands_slider_image_10_link":"http:\/\/twitter.com\/shopify","show_instagram":true,"instagram_title":"#Instagram","instagram_des":"Phasellus lorem malesuada ligula pulvinar commodo maecenas suscipit auctom.","display_instagram_button":true,"instagram_button_text":"View Gallery","tag-name":"nycbicycle","client-id":"bf36974dab61492aa26bd3ea2c92cefe","limit":"10","display_slideshow":true,"slideshow_speed":"5000","slideshow_transition":"fade","slide_heading_color":"#000000","slide_heading_size":"40","slide_text_color":"#ffffff","slide_text_size":"12","display_slideshow_1":true,"image_1_link":"http:\/\/twitter.com\/shopify","image_1_alt":"Lorem a Cosmo","slide-heading_1":"Lorem a Cosmo","slide_heading_color_1":"#000000","slide_heading_size_1":"40","slide-text_1":"Pellentesque posuere orci lobortis scelerisque blandit. Donec id tellus lacinia an, tincidunt risus ac, consequat velit. Quisquemos sodales suscipit tortor ditaemcos condimentum lacus meleifend menean viverra auctor blanditos comodous.","slide_text_color_1":"#2d2d2d","slide_text_size_1":"12","button-text_1":"Shop The Collection","display_slideshow_2":true,"image_2_link":"http:\/\/twitter.com\/shopify","image_2_alt":"","slide-heading_2":"","slide_heading_color_2":"#ffffff","slide_heading_size_2":"50","slide-text_2":"","slide_text_color_2":"#ffffff","slide_text_size_2":"11","button-text_2":"Shop Now","display_slideshow_3":true,"image_3_link":"http:\/\/twitter.com\/shopify","image_3_alt":"Loremous","slide-heading_3":"Loremous","slide_heading_color_3":"#000000","slide_heading_size_3":"40","slide-text_3":"Pellentesque posuere orci lobortis scelerisque blandit. Donec id tellus lacinia an, tincidunt risus ac, consequat velit. Quisquemos sodales suscipit tortor ditaemcos condimentum lacus meleifend menean viverra auctor blanditos comodous.","slide_text_color_3":"#2d2d2d","slide_text_size_3":"12","button-text_3":"Shop The Collection","display_slideshow_4":false,"image_4_link":"","image_4_alt":"","slide-heading_4":"","slide_heading_color_4":"#ffffff","slide_heading_size_4":"64","slide-text_4":"","slide_text_color_4":"#ffffff","slide_text_size_4":"14","button-text_4":"","display_slideshow_5":false,"image_5_link":"","image_5_alt":"","slide-heading_5":"","slide_heading_color_5":"#ffffff","slide_heading_size_5":"64","slide-text_5":"","slide_text_color_5":"#ffffff","slide_text_size_5":"14","button-text_5":"","display_slideshow_6":false,"image_6_link":"","image_6_alt":"","slide-heading_6":"","slide_heading_color_6":"#ffffff","slide_heading_size_6":"64","slide-text_6":"","slide_text_color_6":"#ffffff","slide_text_size_6":"14","button-text_6":"","display_slideshow_7":false,"image_7_link":"","image_7_alt":"","slide-heading_7":"","slide_heading_color_7":"#ffffff","slide_heading_size_7":"64","slide-text_7":"","slide_text_color_7":"#ffffff","slide_text_size_7":"14","button-text_7":"","display_slideshow_8":false,"image_8_link":"","image_8_alt":"","slide-heading_8":"","slide_heading_color_8":"#ffffff","slide_heading_size_8":"64","slide-text_8":"","slide_text_color_8":"#ffffff","slide_text_size_8":"14","button-text_8":"","display_slideshow_9":false,"image_9_link":"","image_9_alt":"","slide-heading_9":"","slide_heading_color_9":"#ffffff","slide_heading_size_9":"64","slide-text_9":"","slide_text_color_9":"#ffffff","slide_text_size_9":"14","button-text_9":"","display_slideshow_10":false,"image_10_link":"","image_10_alt":"","slide-heading_10":"","slide_heading_color_10":"#ffffff","slide_heading_size_10":"64","slide-text_10":"","slide_text_color_10":"#ffffff","slide_text_size_10":"14","button-text_10":"","display_popup_newsletter":true,"popup_newsletter_title":"Join Our Mailing List","popup_newsletter_sub_title":"Pellentesque de fermentum mollis comodous an loremous","popup_newsletter_message":"Sign Up for exclusive updates, new arrivals <br>and insider-only discounts","display_popup_social":true,"display_popup_social_1":true,"popup_social_1_link":"http:\/\/www.facebook.com\/Shopify","display_popup_social_2":true,"popup_social_2_link":"http:\/\/www.twitter.com\/shopify","display_popup_social_3":true,"popup_social_3_link":"https:\/\/plus.google.com\/+shopify","display_popup_social_4":true,"popup_social_4_link":"http:\/\/instagram.com\/shopify","display_popup_social_5":true,"popup_social_5_link":"http:\/\/instagram.com\/shopify","display_popup_social_6":true,"popup_social_6_link":"http:\/\/instagram.com\/shopify","display_sidebar_categories":true,"sidebar_categories_title":"Categories","enable_shop_by_tags_1":true,"shop_by_tags_1_title":"Color","shop_by_color_text_1":"Beige","shop_by_color_text_2":"Red","shop_by_color_text_3":"White","shop_by_color_text_4":"Pink","shop_by_color_text_5":"Silver","shop_by_color_text_6":"Blue","shop_by_color_text_7":"Gray","shop_by_color_text_8":"Black","shop_by_color_text_9":"Green","shop_by_color_text_10":"","enable_shop_by_tags_2":true,"shop_by_tags_2_title":"Size","shop_by_tags_2_list_tags":"XS, S, M, L, XL","enable_shop_by_tags_3":true,"shop_by_tags_3_title":"Price","shop_by_tags_3_list_tags":"Under $100, $100 - $200, Above $200","enable_shop_by_tags_4":true,"shop_by_tags_4_title":"Brand","shop_by_tags_4_list_tags":"Chanel, Dior, Gap","show_featured_product":true,"featured_product_title":"Featured Products","featured_product_limit_all":"8","display_banner_sidebar":true,"banner_sidebar_link":"#","display_sidebar_custom":true,"custom_cms_title":"Custom CMS Block","custom_cms_text":"<p>Custom CMS block displayed at the left sidebar on the Catalog Page. Put your own content here: text, html, images, media... whatever you like.<\/p><p>There are many similar sample content placeholders across the store. All editable from admin panel.<\/p>","enable_wishlist":true,"product_image_border":false,"product_image_border_color":"#c3c3c3","product_image_crop":true,"product_image_ratio_width":"1","product_image_ratio_height":"1.35","display_image_cat":true,"collection_results_per_page":"12","collection_results_per_row":"4","collection_infinite_scrolling":false,"collection_infinite_scrolling_text":"Show More","collection_infinite_scrolling_no_more_product_text":"No more product","style_moreview":"horizontal","display_prev_next_product":true,"display_availability":true,"display_product_type":true,"display_vendor":true,"use_color_swatch":true,"display_subtotal":true,"display_product_detail_tag":false,"display_product_detail_share":true,"text_share":"<strong>Share:<\/strong> Get $20 for every friend who join us & makes a purchase!","social_title_1":"Email","social_link_1":"mailto:milo@3oneseven.com","social_title_2":"Share Facebook","social_link_2":"#","social_title_3":"Twitter","social_link_3":"#","social_title_4":"Pinterest","social_link_4":"#","social_title_5":"Google+","social_link_5":"#","social_title_6":"Instagram","social_link_6":"#","display_product_detail_description":true,"product_description_title":"Product Description","display_custom_tab":true,"custom_tab_title":"Shipping & Returns","custom_tab_content":"<h4>Returns Policy<\/h4><p>You may return most new, unopened items within 30 days of delivery for a full refund. We'll also pay the return shipping costs if the return is a result of our error (you received an incorrect or defective item, etc.).<\/p><p>You should expect to receive your refund within four weeks of giving your package to the return shipper, however, in many cases you will receive a refund more quickly. This time period includes the transit time for us to receive your return from the shipper (5 to 10 business days), the time it takes us to process your return once we receive it (3 to 5 business days), and the time it takes your bank to process our refund request (5 to 10 business days).<\/p><p>If you need to return an item, simply login to your account, view the order using the 'Complete Orders' link under the My Account menu and click the Return Item(s) button. We'll notify you via e-mail of your refund once we've received and processed the returned item.<\/p><h4>Shipping<\/h4><p>We can ship to virtually any address in the world. Note that there are restrictions on some products, and some products cannot be shipped to international destinations.<\/p><p>When you place an order, we will estimate shipping and delivery dates for you based on the availability of your items and the shipping options you choose. Depending on the shipping provider you choose, shipping date estimates may appear on the shipping quotes page.<\/p><p>Please also note that the shipping rates for many items we sell are weight-based. The weight of any such item can be found on its detail page. To reflect the policies of the shipping companies we use, all weights will be rounded up to the next full pound.<\/p>","display_size_chart":true,"custom_size_chart_title":"Size Chart","display_product_reviews":true,"product_review_title":"Customer Reviews","display_related_products":true,"related_products_title":"Related Products","number_of_related_products":"8","related_products_type":"tags","display_recently_viewed_products":true,"recently_viewed_products_title":"Recently Viewed Products","number_of_recently_viewed_products":"8","enable_quick_view":true,"display_quickview_availability":true,"display_quickview_product_type":true,"display_quickview_vendor":true,"display_quickview_subtotal":true,"cart_notes":true,"ajax_cart":true,"show_shipping_calculator":true,"shipping_calculator_heading":"Get shipping estimates","shipping_calculator_default_country":"United States","shipping_calculator_submit_button_label":"Calculate Shipping","shipping_calculator_submit_button_label_disabled":"Calculating...","enable_multiple_currencies":true,"currency_1_unit":"AUD","currency_2_unit":"EUR","currency_3_unit":"GBP","currency_4_unit":"USD","display_google_map":true,"google_map_code":"<iframe src='https:\/\/maps.google.com\/maps?f=q&amp;source=s_q&amp;hl=vi&amp;geocode=&amp;q=4+Nguy%E1%BB%85n+%C4%90%C3%ACnh+chi%E1%BB%83u,+%C4%90a+Kao,+Qu%E1%BA%ADn+1&amp;aq=&amp;sll=37.0625,-95.677068&amp;sspn=41.903538,86.572266&amp;ie=UTF8&amp;hq=&amp;hnear=4+Nguy%E1%BB%85n+%C4%90%C3%ACnh+Chi%E1%BB%83u,+%C4%90a+Kao,+Qu%E1%BA%ADn+1,+H%E1%BB%93+Ch%C3%AD+Minh,+Vi%E1%BB%87t+Nam&amp;t=m&amp;ll=10.797518,106.700377&amp;spn=0.014754,0.071197&amp;z=15&amp;iwloc=A&amp;output=embed' frameborder='0' marginwidth='0' marginheight='0' scrolling='no' width='100%'' height='350'><\/iframe>","contact_your_name":"","contact_phone_number":"","contact_your_email":"","contact_your_comment":"","display_location":true,"location_code":"<h4>Please do get in touch!<\/h4><p class=\"line\"><\/p><p>We'd love to hear from you - please use the form to send us your message or ideas. Or simply pop in for a cup of fresh tea and a cookie:<\/p><p>8808 Ave Dermentum, Onsectetur Adipiscing<br>Tortor Sagittis, CA 880986,<br>United States<\/p><p>9087S Divamus Faucibus Str., <br> City name,<br> Postal Code,<br>CA 90896 <br>United States<\/p><p>Email: stores@domain.com<br>Toll-free: (1800) 000 8808<\/p><p class=\"open-hours\">Opening Hours:<br>Monday to Saturday: 9am - 10pm<br>Sundays: 10am - 6pm<\/p>","enable_lazy_loading_pc":true,"enable_lazy_loading_mobile":false,"font_1":"google_fonts","font_2":"google_fonts","font_3":"google_fonts","checkout_use_header_image":true,"checkout_banner_background_color":"#ffffff","checkout_logo":"checkout_logo.png","checkout_headline":"","checkout_accent_color":"#2d2d2d","checkout_button_color":"#000000","checkout_call_to_action_color":"#000000","customer_layout":"theme","facebook_link":"http:\/\/facebook.com\/shopify","twitter_link":"http:\/\/twitter.com\/shopify","google_link":"http:\/\/twitter.com\/shopify","instagram_link":"http:\/\/twitter.com\/shopify","rss_link":"http:\/\/twitter.com\/shopify","share_email_title":"Email","share_email_link":"mailto:milo@3oneseven.com","share_fb_title":"Share Facebook","share_fb_link":"#","share_tw_title":"Twitter","share_tw_link":"#","share_pin_title":"Pinterest","share_pin_link":"#","share_google_title":"Google+","share_google_link":"#","share_ins_title":"Instagram","share_ins_link":"#","display_new":"true","display_icon_new":"true","product_item_no_hover":"false","contact_field_code":"<h2>Drop Us A Line<\/h2>\r\n            <label for=\"contactFormName\">Your Name<\/label>\r\n            <input type=\"text\" id=\"contactFormName\" name=\"contact[name]\" placeholder=\"Your Name\" autocapitalize=\"words\">\r\n                     \r\n  \r\n            <label for=\"contactFormEmail\">Email<em>*<\/em><\/label>\r\n            <input type=\"email\" name=\"contact[email]\" placeholder=\"you@email.com\" id=\"contactFormEmail\" autocorrect=\"off\" autocapitalize=\"off\">\r\n  \r\n            <label for=\"contactFormPhone\">Phone Number<\/label>\r\n            <input type=\"tel\" name=\"contact[phone]\" id=\"contactFormPhone\" placeholder=\"Phone Number\" pattern=\"[0-9]*\">\r\n  \r\n            <label for=\"contactFormMessage\">Your Comment <em>*<\/em><\/label>\r\n            <textarea rows=\"10\" name=\"contact[body]\" placeholder=\"Your Message\" id=\"contactFormMessage\"><\/textarea>\r\n  \r\n            <input type=\"submit\" class=\"btn left\" value=\"Submit Contact\">","display_two_banner_bottom":"true","two_banner_bottom_title_color":"#ffffff","two_banner_bottom_title_size":"32","two_banner_bottom_description_color":"#ffffff","two_banner_bottom_description_size":"14","two_banner_bottom_title_1":"bags &amp; Purses","two_banner_bottom_title_color_1":"#ffffff","two_banner_bottom_title_size_1":"32","two_banner_bottom_description_1":"Cras porta purus eu gravida facilisis. Donec blandit ligula eu neque dapibus at eleifend nunc sagittis","two_banner_bottom_description_color_1":"#ffffff","two_banner_bottom_description_size_1":"14","two_banner_bottom_button_text_1":"Browse the Feature","two_banner_bottom_link_1":"http:\/\/www.shopify.com\/","two_banner_bottom_title_2":"Look of the day","two_banner_bottom_title_color_2":"#ffffff","two_banner_bottom_title_size_2":"32","two_banner_bottom_description_2":"Cras porta purus eu gravida facilisis. Donec blandit ligula eu neque dapibus at eleifend nunc sagittis","two_banner_bottom_description_color_2":"#ffffff","two_banner_bottom_description_size_2":"14","two_banner_bottom_button_text_2":"Browse the Feature","two_banner_bottom_link_2":"http:\/\/www.shopify.com\/","menu_instagram_link":"http:\/\/instagram.com\/shopify","display_aboutus_home":"true","aboutus_home_text_title":"Avenue De Boutique","aboutus_home_text_title_color":"#404e53","aboutus_home_text_description":"Phasellus fringilla malesuada ligula pulvinar commodo maecenas suscipit auctor sodales an comodous. Divamus consectetur nisl vel ante consectetur sodales. Class aptent tacitis litora torquent lorem an conubia der inceptos himenaeos. Avenue - Responsive Online Fashion Store for Shopify.","aboutus_home_text_description_color":"#404e53","aboutus_border_color":"#c4cdcd","aboutus_border_style":"solid","footer_address_color":"#5d9494","instagram_link_footer":"http:\/\/instagram.com\/shopify","display_footer_column_1_link_1":"true","footer_column_1_text_1":"About Us","footer_column_1_link_1":"\/pages\/about-us","display_footer_column_1_link_2":"true","footer_column_1_text_2":"Avenue Blog","footer_column_1_link_2":"\/blogs\/blog","display_footer_column_1_link_3":"true","footer_column_1_text_3":"Partners","footer_column_1_link_3":"http:\/\/twitter.com\/shopify","display_footer_column_1_link_4":"true","footer_column_1_text_4":"Press Release","footer_column_1_link_4":"http:\/\/twitter.com\/shopify","display_footer_column_1_link_5":"false","footer_column_1_text_5":"","footer_column_1_link_5":"","display_footer_column_1_link_6":"false","footer_column_1_text_6":"","footer_column_1_link_6":"","display_footer_column_2_link_1":"true","footer_column_2_text_1":"Contact Us","footer_column_2_link_1":"\/pages\/contact-us","display_footer_column_2_link_2":"true","footer_column_2_text_2":"Help & FAQs","footer_column_2_link_2":"http:\/\/twitter.com\/shopify","display_footer_column_2_link_3":"true","footer_column_2_text_3":"Shipping Info & Returns","footer_column_2_link_3":"http:\/\/twitter.com\/shopify","display_footer_column_2_link_4":"true","footer_column_2_text_4":"Consultant","footer_column_2_link_4":"http:\/\/twitter.com\/shopify","display_footer_column_2_link_5":"false","footer_column_2_text_5":"","footer_column_2_link_5":"","display_footer_column_2_link_6":"false","footer_column_2_text_6":"","footer_column_2_link_6":"","display_footer_column_3_link_1":"true","footer_column_3_text_1":"Cookies","footer_column_3_link_1":"http:\/\/twitter.com\/shopify","display_footer_column_3_link_2":"true","footer_column_3_text_2":"Terms & Conditions","footer_column_3_link_2":"http:\/\/twitter.com\/shopify","footer_column_3_text_3":"Returns Policy","footer_column_3_link_3":"http:\/\/twitter.com\/shopify","display_footer_column_3_link_4":"true","footer_column_3_text_4":"Other Information","footer_column_3_link_4":"http:\/\/twitter.com\/shopify","display_footer_column_3_link_5":"false","footer_column_3_text_5":"","footer_column_3_link_5":"","display_footer_column_3_link_6":"false","footer_column_3_text_6":"","footer_column_3_link_6":"","payment_methods_accepted_text":"","payment_text_color":"","display_text_free_shipping":"1","free_shipping_text":"Free Shipping Worldwide. No Minimum Ourchase required.","cart_text_color":"#66787f","cart_text_color_hover":"#090939","nav_border_style":"solid","nav_border_color":"#d2d8db","nav_border_top_color":"#00a6ff","nav_border_bottom_color":"#ff0000","height":"","display_product_detail_tab":"false","enable_lazy_loading":"true","infinite_scrolling_text":"Show More","infinite_scrolling":"true","use_logo":"true","enable_opengraph":"false","enable_twittercards":"false","footer_display_contact":"true","footer_contact_title":"Contact Us","footer_display_social":"true","footer_social_title":"Follow Us","ajax_cart_method":"Drawer","currency_format":"money_format","show_multiple_currencies":"true","twittercard_handle":"","blog_tag_background_color":"","blog_tag_background_hover_color":"","blog_tag_font_color":"","blog_tag_font_hover_color":"","display_blog_tags":"true","text_color":"#333333","link_color":"#333333","menu_color":"#333333","menu_bg_color":"#000000","footer_heading_color":"#e2e2e2","special_color":"#cc003e","second_special_color":"#ff2d6d","selection_color":"#cc003e","image_overlay_color":"#cc003e","product_display_related":"true","collection_sale_sticker_color":"","collection_display_browse?":"false","collection_display_vendor?":"false","collection_display_price?":"false","collection_display_sale?":"false","hide_view_collection_link":"false","display_feature_prouduct_home_page":"true","slide-des_1_slide-heading":"abc","slider_auto_advance":"5000","slider_item_1_link":"","slider_item_1_title":"","slider_item_2_link":"","slider_item_2_title":"","slider_item_3_link":"","slider_item_3_title":"","slider_item_4_link":"","slider_item_4_title":"","slider_item_5_link":"","slider_item_5_title":"","slider_item_6_link":"","slider_item_6_title":"","slider_item_1_text":"","slider_item_2_text":"","slider_item_3_text":"","slider_item_4_text":"","slider_item_5_text":"","slider_item_6_text":"","show_homepage_slider":"true","show_slider_item_1":"true","show_slider_item_2":"true","show_slider_item_3":"false","show_slider_item_4":"false","show_slider_item_5":"false","show_slider_item_6":"false","display_blog_dropdown":"true","display_collection_dropdown":"false","display_nav_search":"false","nav_link_color":"#333333","nav_link_hover_color":"#ffffff","selected_nav_link_color":"#ffffff","nav_becomes_fixed":"false","footer_contact_text":"","bg_x_position":"0","bg_y_position":"0","bg_color":"#ffffff","bg_repeat":"repeat","bg_overlay_color":"#0ef56b","show_bg_overlay":"true","bg_x_pos":"0","bg_y_pos":"0","supported_currencies":"AUD EUR GBP USD JPY BHD","product_related_title":"Related products","featured_products":"frontpage","display_footer_column_3_link_3":"true","border_color_product_item":"#ff0000","product_item_border":"true","product_main_height":"500"}}}