{"current":{"share_image":"shopify:\/\/shop_images\/logo_1.png","social_facebook_link":"http:\/\/facebook.com\/shopify","social_twitter_link":"http:\/\/twitter.com\/shopify","social_vimeo_link":"","social_instagram_link":"http:\/\/instagram.com\/shopify","social_google_plus_link":"http:\/\/plus.google.com\/+shopify","social_pinterest_link":"","social_tumblr_link":"http:\/\/instagram.com\/shopify","social_snapchat_link":"","social_youtube_link":"https:\/\/www.youtube.com\/shopify","display_breadcrumb":true,"enable_sidebar_multiple_choice":true,"use_color_swatch":true,"display_popup_newsletter":true,"newsletter":"shopify:\/\/shop_images\/news.jpg","popup_newsletter_title":"Join Our Mailing List | Newsletter abonnieren","popup_newsletter_sub_title":"Pellentesque de fermentum mollis comodous an loremous","popup_newsletter_message":"Sign Up for exclusive updates, new arrivals <br>and insider-only discounts | Melden Sie sich für exklusive Updates, neue Ankünfte <br> und Insider-only Rabatte","mailing_list_form_action":"","display_popup_social":true,"enable_wishlist":true,"product_image_resize":false,"product_image_crop":false,"product_image_ratio_width":"1","product_image_ratio_height":"1.35","show_vendor":true,"display_product_reviews":true,"display_item_swatch":true,"enable_quick_view":true,"display_quickview_availability":true,"quickview_text_availability":"Availability","display_quickview_product_type":false,"quickview_text_product_type":"Product Type","display_quickview_vendor":false,"quickview_text_vendor":"Vendor","display_quickview_subtotal":true,"display_quickview_short_desc":true,"ajax_cart":true,"show_shipping_calculator":true,"shipping_calculator_heading":"Get shipping estimates | Holen Versand Schätzungen","shipping_calculator_default_country":"United States","shipping_calculator_submit_button_label":"Calculate Shipping | Berechnen Versandkosten","shipping_calculator_submit_button_label_disabled":"Calculating...","register_text_desc":"Sign up for a free account.","enable_lazy_loading_pc":true,"enable_lazy_loading_mobile":false,"time_lazy_load":"100","checkout_header_image":"","checkout_logo_image":"shopify:\/\/shop_images\/logo_s.png","checkout_logo_position":"center","checkout_logo_size":"medium","checkout_body_background_image":"","checkout_body_background_color":"#fff","checkout_input_background_color_mode":"white","checkout_sidebar_background_image":"","checkout_sidebar_background_color":"#fafafa","checkout_heading_font":"Helvetica Neue","checkout_body_font":"Helvetica Neue","checkout_accent_color":"#2d2d2d","checkout_button_color":"#000000","checkout_error_color":"#ff6d6d","enable_multiple_currencies":false,"currency_1_unit":"HUF","currency_2_unit":"EUR","currency_3_unit":"GBP","currency_4_unit":"USD","font_1":"google_fonts","fonts_name_1":"Montserrat","font_2":"google_fonts","fonts_name_2":"Roboto","font_3":"google_fonts","fonts_name_3":"Roboto Condensed","font_4":"normal_fonts","fonts_name_4":"Georgia","enable_multilang":false,"lange_1":"ENG","lange_2":"GER","bg_body_img":"none","bg_body_color":"#ffffff","bg_body_position_x":"left","bg_body_position_y":"top","bg_body_repeat":"repeat","bg_body_attachment":"scroll","favicon":"shopify:\/\/shop_images\/favicon_abda364d-630c-4878-8ae3-f8ee1cf67477.png","body_font_size":"12","body_color":"#2d2d2d","breadcrumb_color":"#848484","breadcrumb_text_transform":"lowercase","page_title_color":"#000000","page_title_text_align":"left","enable_hover_image":true,"product_name_text_transform":"full-width","primary_button_bg_color":"#000000","primary_button_border_color":"#000000","primary_button_text_color":"#ffffff","primary_button_bg_color_hover":"#ffffff","primary_button_border_color_hover":"#000000","primary_button_text_color_hover":"#000000","second_button_bg_color":"#ffffff","second_button_border_color":"#7d7d7d","second_button_text_color":"#000000","second_button_bg_color_hover":"#e95144","second_button_border_color_hover":"#e95144","second_button_text_color_hover":"#ffffff","product_image_border":false,"product_image_border_color":"#c3c3c3","enable_opacity_product":false,"collection_infinite_scrolling":false,"quickview_text_countdown":"Limited-Time Offers, End in:","display_popup_social_1":true,"popup_social_1_link":"http:\/\/www.facebook.com\/Shopify","display_popup_social_2":true,"popup_social_2_link":"http:\/\/www.twitter.com\/shopify","display_popup_social_3":true,"popup_social_3_link":"https:\/\/plus.google.com\/+shopify","display_popup_social_4":true,"popup_social_4_link":"http:\/\/instagram.com\/shopify","display_popup_social_5":true,"popup_social_5_link":"http:\/\/instagram.com\/shopify","display_popup_social_6":true,"popup_social_6_link":"http:\/\/instagram.com\/shopify","display_three_block_banner":true,"three_block_banner_color":"#ffffff","three_block_banner_size":"13","display_banner_text_1":true,"three_block_banner_text_1":"Editor’s Pick | Unser Tip","three_block_banner_link_1":"http:\/\/www.shopify.com\/","three_block_banner_color_1":"#ffffff","three_block_banner_size_1":"13","display_banner_text_2":true,"three_block_banner_text_2":"Shoes | Schuhe","three_block_banner_link_2":"http:\/\/www.shopify.com\/","three_block_banner_color_2":"#000000","three_block_banner_size_2":"13","display_banner_text_3":true,"three_block_banner_text_3":"Accessories | Zubehör","three_block_banner_link_3":"http:\/\/www.shopify.com\/","three_block_banner_color_3":"#ffffff","three_block_banner_size_3":"13","display_three_banner_bottom":true,"banner_home_bottom_title":"#Featured On Ella | #Featured Auf Ella","three_banner_bottom_title_color":"#000000","three_banner_bottom_title_size":"20","three_banner_bottom_description_color":"#2d2d2d","three_banner_bottom_description_size":"12","display_banner_title_1":true,"three_banner_bottom_title_1":"Lorem Et Dorus","three_banner_bottom_title_color_1":"#000000","three_banner_bottom_title_size_1":"20","display_banner_description_1":true,"three_banner_bottom_description_1":"Nullam aliquet vestibulum augue non varius. Cras nec congue elitos. Duis tristique del ante nec aliquam. Praesent urna tellus laoreet an tellus ullamcorper fermentum facilisis eratum.","three_banner_bottom_description_color_1":"#2d2d2d","three_banner_bottom_description_size_1":"12","display_banner_button_1":true,"three_banner_bottom_button_text_1":"Shop Now | Jetzt Einkaufen","three_banner_bottom_link_1":"\/collections","display_banner_title_2":true,"three_banner_bottom_title_2":"Milancelos A Lanos","three_banner_bottom_title_color_2":"#000000","three_banner_bottom_title_size_2":"20","display_banner_description_2":true,"three_banner_bottom_description_2":"Nullam aliquet vestibulum augue non varius. Cras nec congue elitos. Duis tristique del ante nec aliquam. Praesent urna tellus laoreet an tellus ullamcorper fermentum facilisis eratum.","three_banner_bottom_description_color_2":"#2d2d2d","three_banner_bottom_description_size_2":"12","display_banner_button_2":true,"three_banner_bottom_button_text_2":"Shop Now | Jetzt Einkaufen","three_banner_bottom_link_2":"\/collections","display_banner_title_3":true,"three_banner_bottom_title_3":"Comos De Milano","three_banner_bottom_title_color_3":"#000000","three_banner_bottom_title_size_3":"20","display_banner_description_3":true,"three_banner_bottom_description_3":"Nullam aliquet vestibulum augue non varius. Cras nec congue elitos. Duis tristique del ante nec aliquam. Praesent urna tellus laoreet an tellus ullamcorper fermentum facilisis eratum.","three_banner_bottom_description_color_3":"#2d2d2d","three_banner_bottom_description_size_3":"12","display_banner_button_3":true,"three_banner_bottom_button_text_3":"Shop Now | Jetzt Einkaufen","three_banner_bottom_link_3":"\/collections","display_image_cat":true,"collection_results_per_page":"12","collection_results_per_row":"4","display_color_variant":true,"display_lb_slideshow":true,"lb_slideshow_speed":"5000","lb_slideshow_transition":"false","display_lb_slideshow_1":true,"lb_image_1_link":"","lb_image_1_alt":"Cosmopolis","lb_text_sample_1":"The","lb_text_sample_color_1":"#000000","lb_text_sample_size_1":"13","lb_slide_heading_1":"Cosmopolis","lb_slide_heading_color_1":"#000000","lb_slide_heading_size_1":"40","lb_slide_text_1":"Aenean pulvinar vulputate enim et tempus","lb_slide_text_color_1":"#000000","lb_slide_text_size_1":"14","display_lb_slideshow_2":true,"lb_image_2_link":"","lb_image_2_alt":"","lb_text_sample_2":"The","lb_text_sample_color_2":"#000000","lb_text_sample_size_2":"13","lb_slide_heading_2":"Lorem Mauris","lb_slide_heading_color_2":"#000000","lb_slide_heading_size_2":"40","lb_slide_text_2":"Pellentesque dignissim aliquet nisi non semper cosmo.","lb_slide_text_color_2":"#000000","lb_slide_text_size_2":"14","display_lb_slideshow_3":true,"lb_image_3_link":"","lb_image_3_alt":"","lb_text_sample_3":"Milancelos","lb_text_sample_color_3":"#000000","lb_text_sample_size_3":"13","lb_slide_heading_3":"Cursus Ornare","lb_slide_heading_color_3":"#000000","lb_slide_heading_size_3":"40","lb_slide_text_3":"Vivamus sed varius lectus deu bibendum metus","lb_slide_text_color_3":"#000000","lb_slide_text_size_3":"14","display_lb_slideshow_4":false,"lb_image_4_link":"","lb_image_4_alt":"","lb_text_sample_4":"","lb_text_sample_color_4":"#000000","lb_text_sample_size_4":"13","lb_slide_heading_4":"","lb_slide_heading_color_4":"#000000","lb_slide_heading_size_4":"40","lb_slide_text_4":"","lb_slide_text_color_4":"#000000","lb_slide_text_size_4":"14","display_lb_slideshow_5":false,"lb_image_5_link":"","lb_image_5_alt":"","lb_text_sample_5":"","lb_text_sample_color_5":"#000000","lb_text_sample_size_5":"13","lb_slide_heading_5":"","lb_slide_heading_color_5":"#000000","lb_slide_heading_size_5":"40","lb_slide_text_5":"","lb_slide_text_color_5":"#000000","lb_slide_text_size_5":"14","display_lb_slideshow_6":false,"lb_image_6_link":"","lb_image_6_alt":"","lb_text_sample_6":"","lb_text_sample_color_6":"#000000","lb_text_sample_size_6":"13","lb_slide_heading_6":"","lb_slide_heading_color_6":"#000000","lb_slide_heading_size_6":"40","lb_slide_text_6":"","lb_slide_text_color_6":"#000000","lb_slide_text_size_6":"14","display_lb_slideshow_7":false,"lb_image_7_link":"","lb_image_7_alt":"","lb_text_sample_7":"","lb_text_sample_color_7":"#000000","lb_text_sample_size_7":"13","lb_slide_heading_7":"","lb_slide_heading_color_7":"#000000","lb_slide_heading_size_7":"40","lb_slide_text_7":"","lb_slide_text_color_7":"#000000","lb_slide_text_size_7":"14","display_lb_slideshow_8":false,"lb_image_8_link":"","lb_image_8_alt":"","lb_text_sample_8":"","lb_text_sample_color_8":"#000000","lb_text_sample_size_8":"13","lb_slide_heading_8":"","lb_slide_heading_color_8":"#000000","lb_slide_heading_size_8":"40","lb_slide_text_8":"","lb_slide_text_color_8":"#000000","lb_slide_text_size_8":"14","display_lb_slideshow_9":false,"lb_image_9_link":"","lb_image_9_alt":"","lb_text_sample_9":"","lb_text_sample_color_9":"#000000","lb_text_sample_size_9":"13","lb_slide_heading_9":"","lb_slide_heading_color_9":"#000000","lb_slide_heading_size_9":"40","lb_slide_text_9":"","lb_slide_text_color_9":"#000000","lb_slide_text_size_9":"14","display_lb_slideshow_10":false,"lb_image_10_link":"","lb_image_10_alt":"","lb_text_sample_10":"","lb_text_sample_color_10":"#000000","lb_text_sample_size_10":"13","lb_slide_heading_10":"","lb_slide_heading_color_10":"#000000","lb_slide_heading_size_10":"40","lb_slide_text_10":"","lb_slide_text_color_10":"#000000","lb_slide_text_size_10":"14","display_lb_social":true,"lb_social_link_1":"http:\/\/facebook.com\/shopify","lb_social_link_2":"https:\/\/plus.google.com\/+shopify","lb_social_link_3":"http:\/\/www.twitter.com\/shopify","lb_social_link_4":"http:\/\/instagram.com\/shopify","display_lb_button":true,"lb_button_text":"Shop it | Kaufen Sie es","lb_button_link":"#","cart_notes":true,"style_moreview":"horizontal","display_prev_next_product":true,"display_sample_vendor":true,"display_availability":true,"text_availability":"Availability | Verfügbarkeit","display_product_type":true,"text_product_type":"Product Type | Produkttyp","display_vendor":true,"text_vendor":"Vendor | Verkäufer","text_countdown":"Limited-Time Offers, End in: | Nur kurze Zeit Angebote, End in:","show_desc":"short","display_subtotal":true,"display_product_detail_tag":false,"display_product_detail_share":true,"text_share":"<strong>Share:<\/strong> Get $20 for every friend who join us & makes a purchase! | <strong>Aktie:<\/strong> Holen Sie sich $ 20 für jeden Freund, der sich uns anzuschließen und einen Kauf!","social_title_1":"Email","social_link_1":"mailto:support@halothemes.com","social_title_2":"Share Facebook","social_link_2":"https:\/\/www.facebook.com\/sharer\/sharer.php?u=","social_title_3":"Twitter","social_link_3":"http:\/\/twitter.com\/share?url=","social_title_4":"Pinterest","social_link_4":"http:\/\/pinterest.com\/pin\/create\/button\/?url=","social_title_5":"Google+","social_link_5":"https:\/\/plus.google.com\/share?url=","social_title_6":"Instagram","social_link_6":"#","show_tab":"vertical","display_product_detail_description":true,"product_description_title":"Details | Einzelheiten","display_custom_tab":true,"custom_tab_title":"Shipping & Returns | Liefer- und Versandkosten","custom_tab_content":"<h4>Returns Policy<\/h4><p>You may return most new, unopened items within 30 days of delivery for a full refund. We'll also pay the return shipping costs if the return is a result of our error (you received an incorrect or defective item, etc.).<\/p><p>You should expect to receive your refund within four weeks of giving your package to the return shipper, however, in many cases you will receive a refund more quickly. This time period includes the transit time for us to receive your return from the shipper (5 to 10 business days), the time it takes us to process your return once we receive it (3 to 5 business days), and the time it takes your bank to process our refund request (5 to 10 business days).<\/p><p>If you need to return an item, simply login to your account, view the order using the 'Complete Orders' link under the My Account menu and click the Return Item(s) button. We'll notify you via e-mail of your refund once we've received and processed the returned item.<\/p><h4>Shipping<\/h4><p>We can ship to virtually any address in the world. Note that there are restrictions on some products, and some products cannot be shipped to international destinations.<\/p><p>When you place an order, we will estimate shipping and delivery dates for you based on the availability of your items and the shipping options you choose. Depending on the shipping provider you choose, shipping date estimates may appear on the shipping quotes page.<\/p><p>Please also note that the shipping rates for many items we sell are weight-based. The weight of any such item can be found on its detail page. To reflect the policies of the shipping companies we use, all weights will be rounded up to the next full pound.<\/p>","display_size_chart":true,"custom_size_chart_title":"Size Chart | Größentabelle","product_review_title":"Customer Reviews | Kundenbewertungen","display_related_products":true,"related_products_title":"Related Products | Ähnliche Produkte","number_of_related_products":"8","related_products_type":"tags","display_recently_viewed_products":true,"recently_viewed_products_title":"Recently Viewed Products | Zuletzt angesehene Produkte","number_of_recently_viewed_products":"8","display_google_map":true,"google_map_code":"<iframe src='https:\/\/maps.google.com\/maps?f=q&amp;source=s_q&amp;hl=vi&amp;geocode=&amp;q=4+Nguy%E1%BB%85n+%C4%90%C3%ACnh+chi%E1%BB%83u,+%C4%90a+Kao,+Qu%E1%BA%ADn+1&amp;aq=&amp;sll=37.0625,-95.677068&amp;sspn=41.903538,86.572266&amp;ie=UTF8&amp;hq=&amp;hnear=4+Nguy%E1%BB%85n+%C4%90%C3%ACnh+Chi%E1%BB%83u,+%C4%90a+Kao,+Qu%E1%BA%ADn+1,+H%E1%BB%93+Ch%C3%AD+Minh,+Vi%E1%BB%87t+Nam&amp;t=m&amp;ll=10.797518,106.700377&amp;spn=0.014754,0.071197&amp;z=15&amp;iwloc=A&amp;output=embed' frameborder='0' marginwidth='0' marginheight='0' scrolling='no' width='100%'' height='350'><\/iframe>","contact_title":"Drop Us A Line | Schreiben Sie uns","contact_text_desc":"Comodous et accusamus et iusto odios un dignissimos ducimus qui blan ditiis prasixer esentium voluptatum un deleniti atqueste sites excep turiitate non providentsimils. Nemo enim ipsam voluptatem quia voluptas sit aspernatur aut odit aut fugit, consequunturser magni halothemes - premium shopify templates & themes sequi nesciunt lorem ipsum dolor sit amet isse potenti. Vesquam ante aliquet lacusemper loremous.","contact_your_name":"","contact_phone_number":"","contact_your_email":"","contact_your_comment":"","display_location":true,"location_code":"<h4>Please do get in touch!<\/h4><p class=\"line\"><\/p><p>We'd love to hear from you - please use the form to send us your message or ideas. Or simply pop in for a cup of fresh tea and a cookie:<\/p><p>8808 Ave Dermentum, Onsectetur Adipiscing<br>Tortor Sagittis, CA 880986,<br>United States<\/p><p>9087S Divamus Faucibus Str., <br> City name,<br> Postal Code,<br>CA 90896 <br>United States<\/p><p>Email: stores@domain.com<br>Toll-free: (1800) 000 8808<\/p><p class=\"open-hours\">Opening Hours:<br>Monday to Saturday: 9am - 10pm<br>Sundays: 10am - 6pm<\/p> | <h4>Bitte kontaktieren Sie uns!<\/h4>\r\n<p class=\"line\"><\/p>\r\n<p>Wir würden uns freuen von Ihnen zu hören - nutzen Sie bitte das Formular aus, um uns Ihre Nachricht oder Ideen. Oder einfach nur Pop in eine Tasse frischen Tee und ein Cookie:<\/p>\r\n<p>8808 Ave Dermentum, Onsectetur Adipiscing<br>Tortor Sagittis, CA 880986,<br>United States<\/p>\r\n<p>9087S Divamus Faucibus Str., <br> City name,<br> Postal Code,<br>CA 90896 <br>United States<\/p>\r\n<p>E-Mail: stores@domain.com<br>Toll-free: (1800) 000 8808<\/p>\r\n<p class=\"open-hours\">Öffnungszeiten:<br>Montag bis Samstag: 09.00 Uhr bis 22.00 Uhr<br>Sonntag: 10.00 Uhr bis 06.00 Uhr<\/p>","display_sidebar_cat_page":true,"display_sidebar_detail_page":true,"display_sidebar_blog_page":true,"show_sidebar":"left","display_sidebar_categories":true,"display_sidebar_categories_detail":true,"sidebar_categories_title":"Categories | Kategorien","style_categories":"style_show_all","categories_items":"","enable_shop_by_tags_1":true,"shop_by_tags_1_title":"Color | Farbe","shop_by_color_text_1":"Beige","shop_by_color_text_2":"Red","shop_by_color_text_3":"White","shop_by_color_text_4":"Pink","shop_by_color_text_5":"Silver","shop_by_color_text_6":"Blue","shop_by_color_text_7":"Gray","shop_by_color_text_8":"Black","shop_by_color_text_9":"Green","shop_by_color_text_10":"","shop_by_color_text_11":"","shop_by_color_text_12":"","shop_by_color_text_13":"","shop_by_color_text_14":"","shop_by_color_text_15":"","shop_by_color_text_16":"","shop_by_color_text_17":"","shop_by_color_text_18":"","shop_by_color_text_19":"","shop_by_color_text_20":"","enable_shop_by_tags_2":true,"shop_by_tags_2_title":"Size | Größe","shop_by_tags_2_list_tags":"XS, S, M, L, XL","enable_shop_by_tags_3":true,"shop_by_tags_3_title":"Price | Preis","shop_by_tags_3_list_tags":"Under $100, $100 - $200, Above $200","enable_shop_by_tags_4":true,"shop_by_tags_4_title":"Brand | Marke","shop_by_tags_4_list_tags":"Chanel, Dior, Gap, Lucci, Louis, Hermes","show_featured_product":true,"show_featured_product_detail":true,"featured_product_list_collection":"women","featured_product_title":"Featured Products | Ausgewählte Artikel","featured_product_limit_all":"8","display_banner_sidebar":true,"display_banner_sidebar_detail":true,"display_banner_sidebar_blog":true,"banner_sidebar_link":"#","display_sidebar_custom":true,"display_sidebar_custom_detail":true,"display_sidebar_custom_blog":true,"custom_cms_title":"Custom CMS Block | Benutzerdefinierte CMS-Block","custom_cms_text":"<p>Custom CMS block displayed at the left sidebar on the Catalog Page. Put your own content here: text, html, images, media... whatever you like.<\/p><p>There are many similar sample content placeholders across the store. All editable from admin panel.<\/p> | <p>Benutzerdefinierte CMS-Block in der linken Seitenleiste auf der Katalogseite angezeigt. Fügen Sie hier Ihren eigenen Inhalt: Text, HTML, Bilder, Medien ..., was Sie wollen <\/p> <p> Es gibt viele ähnliche Probe Inhaltsplatzhalter in den Laden.. Alle editierbar von Admin-Panel.<\/p>","show_product_list_home_page":true,"product_list_collection":"men","product_list_title":"New Arrivals | Neu eingetroffen","product_list_limit_all":"5","display_infinite_scrolling_homepage":false,"product_list_limit":"5","collection_results_per_row1":"5","show_slider_trending":true,"show_slider_trending_collection":"women","slider_trending_title":"Trending Now | Jetzt Trending","slider_trending_limit_all":"10","trending_collection_results_per_row":"5","bg_footer_img":"none","bg_footer_color":"#141414","bg_footer_position_x":"left","bg_footer_position_y":"top","bg_footer_repeat":"no-repeat","bg_footer_attachment":"scroll","bg_footer_line_color":"#282828","footer_title_color":"#ffffff","footer_link_color":"#969696","footer_column_1_title":"Shops | Geschäfte","footer_column_2_title":"Information","footer_column_3_title":"Customer Service | Kundendienst","display_social":true,"footer_column_4_title":"Stay Connected | bleiben Sie in Verbindung","footer_social_link_1":"http:\/\/facebook.com\/shopify","footer_social_link_2":"http:\/\/twitter.com\/shopify","footer_social_link_3":"http:\/\/plus.google.com\/+shopify","footer_social_link_4":"http:\/\/instagram.com\/shopify","footer_social_link_5":"http:\/\/twitter.com\/shopify","footer_social_link_6":"","fb_like_code":"<div id=\"fb-root\"><\/div>\r\n<script>(function(d, s, id) {\r\n  var js, fjs = d.getElementsByTagName(s)[0];\r\n  if (d.getElementById(id)) return;\r\n  js = d.createElement(s); js.id = id;\r\n  js.src = \"\/\/connect.facebook.net\/en_US\/sdk.js#xfbml=1&version=v2.5\";\r\n  fjs.parentNode.insertBefore(js, fjs);\r\n}(document, 'script', 'facebook-jssdk'));<\/script>\r\n<div class=\"fb-like\" data-href=\"https:\/\/www.facebook.com\/pages\/Halothemes-Premium-Magento-Themes\/469058089834105\" data-layout=\"button_count\" data-action=\"like\" data-show-faces=\"true\" data-share=\"true\"><\/div>","footer_display_newsletter":true,"footer_newsletter_title":"Newsletter Sign Up | Newsletter Anmeldung","display_footer_address":true,"footer_address_code":"© 2014 ELLA Fashion Store Shopify. All Rights Reserved. Ecommerce Software by Shopify.<br>Designed by <a href=\"http:\/\/halothemes.com\/\" title='HaloThemes.com'>HaloThemes.com<\/a>. | © 2014 ELLA Fashion Store Shopify. Alle Rechte Vorbehalten. E-Commerce Software, indem Shopify.<br>Entworfen von <a href=\"http:\/\/halothemes.com\/\" title='HaloThemes.com'> HaloThemes.com<\/a>.","payment_methods_display_visa?":true,"payment_methods_display_american-express?":true,"payment_methods_display_mastercard?":true,"payment_methods_display_discover?":false,"payment_methods_display_paypal?":true,"payment_methods_display_google-checkout?":false,"payment_methods_display_maestro?":false,"payment_methods_display_cirrus?":false,"show_instagram":true,"instagram_bg_color":"#fff8ee","instagram_title":"#Ella On Instagram | #Ella Auf Instagram","instagram_des":"Phasellus lorem malesuada ligula pulvinar commodo maecenas suscipit auctom.","display_instagram_button":true,"instagram_button_text":"View Gallery | Ansicht-Galerie","instagram_button_link":"http:\/\/instagram.com\/shopify","instagram_get":"user","client-id":"c6e4c736e82345a3898a0e299daa00fb","instagram_tag":"","instagram_locationId":"","user-id":"1599696966","accessToken":"1599696966.1677ed0.378293d7d5e74eecb5de8d0e5b748ab6","limit":"10","images_per_row":"5","resolution_images":"low_resolution","display_banner":true,"banner_text_title":"Milancelos","banner_text_title_color":"#000000","banner_text_description":"Pellentesque posuere orci lobortis scelerisque blandit. Donec id tellus lacinia an, tincidunt risus ac, consequat velit. Quisquemos sodales suscipit tortor ditaemcos condimentum lacus meleifend menean viverra auctor blanditos comodous.","banner_text_description_color":"#2d2d2d","banner_button_text":"Shop The Collection | Unsere Kollektion","banner_button_link":"\/collections\/","display_slideshow":true,"slideshow_speed":"5000","slideshow_transition":"false","slide_heading_color":"#000000","slide_heading_size":"40","slide_text_color":"#ffffff","slide_text_size":"12","display_slideshow_1":"image","video_1":"","image_1_link":"http:\/\/twitter.com\/shopify","image_1_alt":"Lorem a Cosmo","slide-heading_1":"Lorem a Cosmo","slide_heading_color_1":"#000000","slide_heading_size_1":"40","slide-text_1":"Pellentesque posuere orci lobortis scelerisque blandit. Donec id tellus lacinia an,<br\/>tincidunt risus ac, consequat velit. Quisquemos sodales suscipit tortor ditaemcos<br\/>condimentum lacus meleifend menean viverra auctor blanditos comodous.","slide_text_color_1":"#2d2d2d","slide_text_size_1":"12","button-text_1":"Shop The Collection | Unsere Kollektion anschauen","text_align_slide_1":"center","display_slideshow_2":"image","video_2":"","image_2_link":"http:\/\/twitter.com\/shopify","image_2_alt":"","slide-heading_2":"","slide_heading_color_2":"#ffffff","slide_heading_size_2":"50","slide-text_2":"","slide_text_color_2":"#ffffff","slide_text_size_2":"11","button-text_2":"Shop Now | Jetzt Einkaufen","text_align_slide_2":"center","display_slideshow_3":"image","video_3":"","image_3_link":"http:\/\/twitter.com\/shopify","image_3_alt":"Loremous","slide-heading_3":"Loremous","slide_heading_color_3":"#000000","slide_heading_size_3":"40","slide-text_3":"Pellentesque posuere orci lobortis scelerisque blandit. Donec id tellus lacinia an,<br\/>tincidunt risus ac, consequat velit. Quisquemos sodales suscipit tortor ditaemcos<br\/>condimentum lacus meleifend menean viverra auctor blanditos comodous.","slide_text_color_3":"#2d2d2d","slide_text_size_3":"12","button-text_3":"Shop The Collection | Unsere Kollektion anschauen","text_align_slide_3":"left","display_slideshow_4":"video","video_4":"<iframe width=\"1280\" height=\"720\" src=\"https:\/\/www.youtube.com\/embed\/1XSUK6B7U2s?rel=0&amp;showinfo=0\" frameborder=\"0\" allowfullscreen><\/iframe>","image_4_link":"","image_4_alt":"","slide-heading_4":"","slide_heading_color_4":"#ffffff","slide_heading_size_4":"64","slide-text_4":"","slide_text_color_4":"#ffffff","slide_text_size_4":"14","button-text_4":"","text_align_slide_4":"center","display_slideshow_5":"none","video_5":"","image_5_link":"","image_5_alt":"","slide-heading_5":"","slide_heading_color_5":"#ffffff","slide_heading_size_5":"64","slide-text_5":"","slide_text_color_5":"#ffffff","slide_text_size_5":"14","button-text_5":"","text_align_slide_5":"center","display_slideshow_6":"none","video_6":"","image_6_link":"","image_6_alt":"","slide-heading_6":"","slide_heading_color_6":"#ffffff","slide_heading_size_6":"64","slide-text_6":"","slide_text_color_6":"#ffffff","slide_text_size_6":"14","button-text_6":"","text_align_slide_6":"center","display_slideshow_7":"none","video_7":"","image_7_link":"","image_7_alt":"","slide-heading_7":"","slide_heading_color_7":"#ffffff","slide_heading_size_7":"64","slide-text_7":"","slide_text_color_7":"#ffffff","slide_text_size_7":"14","button-text_7":"","text_align_slide_7":"center","display_slideshow_8":"none","video_8":"","image_8_link":"","image_8_alt":"","slide-heading_8":"","slide_heading_color_8":"#ffffff","slide_heading_size_8":"64","slide-text_8":"","slide_text_color_8":"#ffffff","slide_text_size_8":"14","button-text_8":"","text_align_slide_8":"center","display_slideshow_9":"none","video_9":"","image_9_link":"","image_9_alt":"","slide-heading_9":"","slide_heading_color_9":"#ffffff","slide_heading_size_9":"64","slide-text_9":"","slide_text_color_9":"#ffffff","slide_text_size_9":"14","button-text_9":"","text_align_slide_9":"center","display_slideshow_10":"none","video_10":"","image_10_link":"","image_10_alt":"","slide-heading_10":"","slide_heading_color_10":"#ffffff","slide_heading_size_10":"64","slide-text_10":"","slide_text_color_10":"#ffffff","slide_text_size_10":"14","button-text_10":"","text_align_slide_10":"center","display_brands_slider":true,"brands_slider_image_1_title":"Loremous","brands_slider_image_1_link":"http:\/\/twitter.com\/shopify","brands_slider_image_2_title":"Isabella","brands_slider_image_2_link":"http:\/\/twitter.com\/shopify","brands_slider_image_3_title":"Magcor","brands_slider_image_3_link":"http:\/\/twitter.com\/shopify","brands_slider_image_4_title":"Fermends","brands_slider_image_4_link":"http:\/\/twitter.com\/shopify","brands_slider_image_5_title":"Conseqaur","brands_slider_image_5_link":"http:\/\/twitter.com\/shopify","brands_slider_image_6_title":"Loremous","brands_slider_image_6_link":"http:\/\/twitter.com\/shopify","brands_slider_image_7_title":"Isabella","brands_slider_image_7_link":"http:\/\/twitter.com\/shopify","brands_slider_image_8_title":"Magcor","brands_slider_image_8_link":"http:\/\/twitter.com\/shopify","brands_slider_image_9_title":"Fermends","brands_slider_image_9_link":"http:\/\/twitter.com\/shopify","brands_slider_image_10_title":"Conseqaur","brands_slider_image_10_link":"http:\/\/twitter.com\/shopify","display_megamenu":true,"megamenu_items":"Collections | Sammlungen, Shop | Geschäft, Lookbook, Blog","enable_new":false,"display_fixtop_menu":true,"bg_cart_color_fixed_top":"#f02121","border_color_fixed_top":"#4d4d4d","nav_bg_color":"#141414","nav_link_top_color":"#ffffff","nav_link_top_hover_color":"#ffffff","show_dropdown_arrow":true,"nav_dropdown_border_style":"solid","nav_dropdown_border_color":"#c5cacb","nav_dropdown_bg_color":"#ffffff","nav_dropdown_link_color":"#000000","nav_dropdown_link_color_hover":"#000000","style_dropdown_mega_menu_1":"style_1","show_featured_product_menu_1":false,"menu_featured_product_list_collection_1":"new-in","menu_featured_product_title_1":"","dropdown_1_menu_link_image_1":"","dropdown_1_menu_link_image_2":"","dropdown_1_menu_link_image_3":"","style_dropdown_mega_menu_2":"style_2","show_featured_product_menu_2":true,"menu_featured_product_list_collection_2":"men","menu_featured_product_title_2":"Featured Products","dropdown_2_menu_link_image_1":"","dropdown_2_menu_link_image_2":"","dropdown_2_menu_link_image_3":"","style_dropdown_mega_menu_3":"style_1","show_featured_product_menu_3":true,"menu_featured_product_list_collection_3":"new-in","menu_featured_product_title_3":"Featured Products | Ausgewählte Artikel","dropdown_3_menu_link_image_1":"","dropdown_3_menu_link_image_2":"","dropdown_3_menu_link_image_3":"","style_dropdown_mega_menu_4":"style_3","show_featured_product_menu_4":true,"menu_featured_product_list_collection_4":"","menu_featured_product_title_4":"Featured Products","dropdown_4_menu_link_image_1":"","dropdown_4_menu_link_image_2":"","dropdown_4_menu_link_image_3":"","style_dropdown_mega_menu_5":"style_4","show_featured_product_menu_5":true,"menu_featured_product_list_collection_5":"","menu_featured_product_title_5":"Featured Products","dropdown_5_menu_link_image_1":"","dropdown_5_menu_link_image_2":"","dropdown_5_menu_link_image_3":"","style_dropdown_mega_menu_6":"style_1","show_featured_product_menu_6":true,"menu_featured_product_list_collection_6":"","menu_featured_product_title_6":"Featured Products","dropdown_6_menu_link_image_1":"","dropdown_6_menu_link_image_2":"","dropdown_6_menu_link_image_3":"","style_dropdown_mega_menu_7":"style_1","show_featured_product_menu_7":true,"menu_featured_product_list_collection_7":"","menu_featured_product_title_7":"Featured Products","dropdown_7_menu_link_image_1":"","dropdown_7_menu_link_image_2":"","dropdown_7_menu_link_image_3":"","style_dropdown_mega_menu_8":"style_1","show_featured_product_menu_8":true,"menu_featured_product_list_collection_8":"","menu_featured_product_title_8":"Featured Products","dropdown_8_menu_link_image_1":"","dropdown_8_menu_link_image_2":"","dropdown_8_menu_link_image_3":"","style_dropdown_mega_menu_9":"style_1","show_featured_product_menu_9":true,"menu_featured_product_list_collection_9":"","menu_featured_product_title_9":"Featured Products","dropdown_9_menu_link_image_1":"","dropdown_9_menu_link_image_2":"","dropdown_9_menu_link_image_3":"","style_dropdown_mega_menu_10":"style_1","show_featured_product_menu_10":true,"menu_featured_product_list_collection_10":"","menu_featured_product_title_10":"Featured Products","dropdown_10_menu_link_image_1":"","dropdown_10_menu_link_image_2":"","dropdown_10_menu_link_image_3":"","brand_type":"image","brand_text":"","enable_retina":true,"min_height_logo":"53","display_header_top_text":true,"header_top_text":"Mid-Season Sale Up to 70% OFF. Use Code: “SALE70”. | Mid-Season Sale bis zu 70% Rabatt. Rabatt-Code: \"SALE70\".","header_top_link_text":"Shop Now | Jetzt Einkaufen","header_top_link":"\/collections","bg_header_top_color":"#ffe8e8","text_header_top_color":"#b05d5d","bg_header_bottom_color":"#ffffff","display_header_text_order":true,"header_text_order":"Order online or call us (1800) 000 8808 | Bestellen Sie online oder rufen Sie uns an (1800) 000 8808","header_text_order_text_color":"#141414","header_link_text_color":"#323232","show_header_search":true,"bg_search_color":"#fafafa","border_search_color":"#e7e7e7","display_header_free_shipping":true,"header_free_shipping":"Free shipping on All Orders. No Minimum Purchase. | Kostenloser Versand für alle Bestellungen. Nein Mindestkauf.","header_free_shipping_text_color":"#000000","bg_cart_color":"#ffe5e5","dropdowncart_type":"hover","checkout_use_header_image":true,"checkout_logo":"checkout_logo.png","checkout_use_body_background_image":false,"checkout_use_sidebar_background_image":false,"checkout_banner_background_color":"#ffffff","checkout_headline":"","checkout_call_to_action_color":"#000000","menu_link_image_1":"","menu_link_image_2":"","menu_link_image_3":"","menu_link_image_4":"","menu_link_image_5":"","menu_link_image_6":"","menu_link_image_7":"","menu_link_image_8":"","menu_link_image_9":"","menu_link_image_10":"","customer_layout":"theme","search_placeholder":"Suche | search","product_list_infinite_scrolling_text":"Mehr anzeigen | Show More","product_list_no_more_product_text":"Keine weiteren Produkt | No More Product","menu_link_image":"\/collections","menu_featured_product_title":"Featured Products","text_refined_by":"Eingeschränkt nach | Refined By","collection_infinite_scrolling_text":"Mehr anzeigen | Show More","collection_infinite_scrolling_no_more_product_text":"Keine weiteren Produkt | No More Product","show_featured_product_menu":true,"menu_featured_product_list_collection":"top-brands","tag-name":"","using_parallax":"true","facebook_link":"http:\/\/facebook.com\/shopify","twitter_link":"http:\/\/twitter.com\/shopify","google_link":"http:\/\/twitter.com\/shopify","instagram_link":"http:\/\/twitter.com\/shopify","rss_link":"http:\/\/twitter.com\/shopify","share_email_title":"Email","share_email_link":"mailto:support@halothemes.com","share_fb_title":"Share Facebook","share_fb_link":"#","share_tw_title":"Twitter","share_tw_link":"#","share_pin_title":"Pinterest","share_pin_link":"#","share_google_title":"Google+","share_google_link":"#","share_ins_title":"Instagram","share_ins_link":"#","display_new":"true","display_icon_new":"true","product_item_no_hover":"false","contact_field_code":"<h2>Drop Us A Line<\/h2>\r\n            <label for=\"contactFormName\">Your Name<\/label>\r\n            <input type=\"text\" id=\"contactFormName\" name=\"contact[name]\" placeholder=\"Your Name\" autocapitalize=\"words\">\r\n                     \r\n  \r\n            <label for=\"contactFormEmail\">Email<em>*<\/em><\/label>\r\n            <input type=\"email\" name=\"contact[email]\" placeholder=\"you@email.com\" id=\"contactFormEmail\" autocorrect=\"off\" autocapitalize=\"off\">\r\n  \r\n            <label for=\"contactFormPhone\">Phone Number<\/label>\r\n            <input type=\"tel\" name=\"contact[phone]\" id=\"contactFormPhone\" placeholder=\"Phone Number\" pattern=\"[0-9]*\">\r\n  \r\n            <label for=\"contactFormMessage\">Your Comment <em>*<\/em><\/label>\r\n            <textarea rows=\"10\" name=\"contact[body]\" placeholder=\"Your Message\" id=\"contactFormMessage\"><\/textarea>\r\n  \r\n            <input type=\"submit\" class=\"btn left\" value=\"Submit Contact\">","display_two_banner_bottom":"true","two_banner_bottom_title_color":"#ffffff","two_banner_bottom_title_size":"32","two_banner_bottom_description_color":"#ffffff","two_banner_bottom_description_size":"14","two_banner_bottom_title_1":"bags &amp; Purses","two_banner_bottom_title_color_1":"#ffffff","two_banner_bottom_title_size_1":"32","two_banner_bottom_description_1":"Cras porta purus eu gravida facilisis. Donec blandit ligula eu neque dapibus at eleifend nunc sagittis","two_banner_bottom_description_color_1":"#ffffff","two_banner_bottom_description_size_1":"14","two_banner_bottom_button_text_1":"Browse the Feature","two_banner_bottom_link_1":"http:\/\/www.shopify.com\/","two_banner_bottom_title_2":"Look of the day","two_banner_bottom_title_color_2":"#ffffff","two_banner_bottom_title_size_2":"32","two_banner_bottom_description_2":"Cras porta purus eu gravida facilisis. Donec blandit ligula eu neque dapibus at eleifend nunc sagittis","two_banner_bottom_description_color_2":"#ffffff","two_banner_bottom_description_size_2":"14","two_banner_bottom_button_text_2":"Browse the Feature","two_banner_bottom_link_2":"http:\/\/www.shopify.com\/","menu_instagram_link":"http:\/\/instagram.com\/shopify","display_aboutus_home":"true","aboutus_home_text_title":"Avenue De Boutique","aboutus_home_text_title_color":"#404e53","aboutus_home_text_description":"Phasellus fringilla malesuada ligula pulvinar commodo maecenas suscipit auctor sodales an comodous. Divamus consectetur nisl vel ante consectetur sodales. Class aptent tacitis litora torquent lorem an conubia der inceptos himenaeos. Avenue - Responsive Online Fashion Store for Shopify.","aboutus_home_text_description_color":"#404e53","aboutus_border_color":"#c4cdcd","aboutus_border_style":"solid","footer_address_color":"#5d9494","instagram_link_footer":"http:\/\/instagram.com\/shopify","display_footer_column_1_link_1":"true","footer_column_1_text_1":"About Us","footer_column_1_link_1":"\/pages\/about-us","display_footer_column_1_link_2":"true","footer_column_1_text_2":"Avenue Blog","footer_column_1_link_2":"\/blogs\/blog","display_footer_column_1_link_3":"true","footer_column_1_text_3":"Partners","footer_column_1_link_3":"http:\/\/twitter.com\/shopify","display_footer_column_1_link_4":"true","footer_column_1_text_4":"Press Release","footer_column_1_link_4":"http:\/\/twitter.com\/shopify","display_footer_column_1_link_5":"false","footer_column_1_text_5":"","footer_column_1_link_5":"","display_footer_column_1_link_6":"false","footer_column_1_text_6":"","footer_column_1_link_6":"","display_footer_column_2_link_1":"true","footer_column_2_text_1":"Contact Us","footer_column_2_link_1":"\/pages\/contact-us","display_footer_column_2_link_2":"true","footer_column_2_text_2":"Help & FAQs","footer_column_2_link_2":"http:\/\/twitter.com\/shopify","display_footer_column_2_link_3":"true","footer_column_2_text_3":"Shipping Info & Returns","footer_column_2_link_3":"http:\/\/twitter.com\/shopify","display_footer_column_2_link_4":"true","footer_column_2_text_4":"Consultant","footer_column_2_link_4":"http:\/\/twitter.com\/shopify","display_footer_column_2_link_5":"false","footer_column_2_text_5":"","footer_column_2_link_5":"","display_footer_column_2_link_6":"false","footer_column_2_text_6":"","footer_column_2_link_6":"","display_footer_column_3_link_1":"true","footer_column_3_text_1":"Cookies","footer_column_3_link_1":"http:\/\/twitter.com\/shopify","display_footer_column_3_link_2":"true","footer_column_3_text_2":"Terms & Conditions","footer_column_3_link_2":"http:\/\/twitter.com\/shopify","footer_column_3_text_3":"Returns Policy","footer_column_3_link_3":"http:\/\/twitter.com\/shopify","display_footer_column_3_link_4":"true","footer_column_3_text_4":"Other Information","footer_column_3_link_4":"http:\/\/twitter.com\/shopify","display_footer_column_3_link_5":"false","footer_column_3_text_5":"","footer_column_3_link_5":"","display_footer_column_3_link_6":"false","footer_column_3_text_6":"","footer_column_3_link_6":"","payment_methods_accepted_text":"","payment_text_color":"","display_text_free_shipping":"1","free_shipping_text":"Free Shipping Worldwide. No Minimum Ourchase required.","cart_text_color":"#66787f","cart_text_color_hover":"#090939","nav_border_style":"solid","nav_border_color":"#d2d8db","nav_border_top_color":"#00a6ff","nav_border_bottom_color":"#ff0000","height":"","display_product_detail_tab":"false","enable_lazy_loading":"true","infinite_scrolling_text":"Show More","infinite_scrolling":"true","use_logo":"true","enable_opengraph":"false","enable_twittercards":"false","footer_display_contact":"true","footer_contact_title":"Contact Us","footer_display_social":"true","footer_social_title":"Follow Us","ajax_cart_method":"Drawer","currency_format":"money_format","show_multiple_currencies":"true","twittercard_handle":"","blog_tag_background_color":"","blog_tag_background_hover_color":"","blog_tag_font_color":"","blog_tag_font_hover_color":"","display_blog_tags":"true","text_color":"#333333","link_color":"#333333","menu_color":"#333333","menu_bg_color":"#000000","footer_heading_color":"#e2e2e2","special_color":"#cc003e","second_special_color":"#ff2d6d","selection_color":"#cc003e","image_overlay_color":"#cc003e","product_display_related":"true","collection_sale_sticker_color":"","collection_display_browse?":"false","collection_display_vendor?":"false","collection_display_price?":"false","collection_display_sale?":"false","hide_view_collection_link":"false","display_feature_prouduct_home_page":"true","slide-des_1_slide-heading":"abc","slider_auto_advance":"5000","slider_item_1_link":"","slider_item_1_title":"","slider_item_2_link":"","slider_item_2_title":"","slider_item_3_link":"","slider_item_3_title":"","slider_item_4_link":"","slider_item_4_title":"","slider_item_5_link":"","slider_item_5_title":"","slider_item_6_link":"","slider_item_6_title":"","slider_item_1_text":"","slider_item_2_text":"","slider_item_3_text":"","slider_item_4_text":"","slider_item_5_text":"","slider_item_6_text":"","show_homepage_slider":"true","show_slider_item_1":"true","show_slider_item_2":"true","show_slider_item_3":"false","show_slider_item_4":"false","show_slider_item_5":"false","show_slider_item_6":"false","display_blog_dropdown":"true","display_collection_dropdown":"false","display_nav_search":"false","nav_link_color":"#333333","nav_link_hover_color":"#ffffff","selected_nav_link_color":"#ffffff","nav_becomes_fixed":"false","footer_contact_text":"","bg_x_position":"0","bg_y_position":"0","bg_color":"#ffffff","bg_repeat":"repeat","bg_overlay_color":"#0ef56b","show_bg_overlay":"true","bg_x_pos":"0","bg_y_pos":"0","supported_currencies":"AUD EUR GBP USD JPY BHD","product_related_title":"Related products","featured_products":"frontpage","display_footer_column_3_link_3":"true","border_color_product_item":"#ff0000","product_item_border":"true","product_main_height":"500","sections":{"header":{"type":"header","settings":{"display_header_top_text":true,"header_top_text":"Mid-Season Sale Up to 70% OFF. Use Code: “SALE70”.","header_top_link_text":"Shop Now","header_top_link":"shopify:\/\/collections","dropdowncart_type":"hover"}},"1489074782933":{"type":"homepage-block-three-banner","blocks":{"1489074792947":{"type":"image","settings":{"image":"shopify:\/\/shop_images\/sl4_bd299e8a-7b6e-422f-aaaa-4ef7b245afab.jpg","three_block_heading_banner":"Editor’s Pick |  Unser Tip","link":"shopify:\/\/collections\/kitchenaid"}},"1489074846538":{"type":"image","settings":{"image":"shopify:\/\/shop_images\/5790305cv18d_fad6ff94-5b6a-4e9d-a6fe-1fd22b5f4d6f.jpg","three_block_heading_banner":"Colors","link":"shopify:\/\/collections"}},"1489074856332":{"type":"image","settings":{"image":"shopify:\/\/shop_images\/sl2_bfe56710-6535-4ccd-8605-19bf0c0d7ec8.jpeg","three_block_heading_banner":"Accessories | Zubehör","link":"shopify:\/\/pages\/samples"}}},"block_order":["1489074792947","1489074846538","1489074856332"],"settings":{"display_three_block_banner":true,"banner_home_bottoms_title":"KitchenAid"}},"1489250340502":{"type":"homepage-custom-content-bottom","blocks":{"1494707878945":{"type":"banner","settings":{"image":"shopify:\/\/shop_images\/CowboySteak.jpg","heading":"Beef Short Ribs auf Krautsalat","custom_bottom_description":"Nullam aliquet vestibulum augue non varius. Cras nec congue elitos. Duis tristique del ante nec aliquam. Praesent urna tellus laoreet an tellus ullamcorper fermentum facilisis eratum.","custom_bottom_button":"Read more","custom_bottom_url":"shopify:\/\/blogs\/recipe\/beef-short-ribs-auf-krautsalat"}},"1494707888534":{"type":"banner","settings":{"image":"shopify:\/\/shop_images\/Blaubeeren.jpg","heading":"Blue, fluffy, delicious","custom_bottom_description":"Nullam aliquet vestibulum augue non varius. Cras nec congue elitos. Duis tristique del ante nec aliquam. Praesent urna tellus laoreet an tellus ullamcorper fermentum facilisis eratum.","custom_bottom_button":"Read more","custom_bottom_url":"shopify:\/\/blogs\/recipe\/blue-fluffy-delicious"}},"1494707894119":{"type":"banner","settings":{"image":"shopify:\/\/shop_images\/1296x728_BODY_13_Health_Benefits_of_Beetroot_Juice-lowerbloodpressure.jpg","heading":"Beetroot goes on vacation","custom_bottom_description":"Nullam aliquet vestibulum augue non varius. Cras nec congue elitos. Duis tristique del ante nec aliquam. Praesent urna tellus laoreet an tellus ullamcorper fermentum facilisis eratum.","custom_bottom_button":"Read more","custom_bottom_url":"shopify:\/\/blogs\/recipe\/beetroot-goes-on-vacation"}}},"block_order":["1494707878945","1494707888534","1494707894119"],"settings":{"custom-html-in-bottom":true,"banner_home_bottom_title":"Latest Recipes"}},"1489329138390":{"type":"homepage-block-banner","settings":{"display_banner":true,"banner":"shopify:\/\/shop_images\/Kitchenaid-Black-Friday-Deals-Sales-Ads_b9716204-721e-4aa4-800d-04d91dac231b.jpg","banner_text_title":"KitchenAid","banner_text_description":"Pellentesque posuere orci lobortis scelerisque blandit. Donec id tellus lacinia an, tincidunt risus ac, consequat velit. Quisquemos sodales suscipit tortor ditaemcos condimentum lacus meleifend menean viverra auctor blanditos comodous. | lang 2","banner_button_text":"Shop The Collection | lang2","banner_button_link":"shopify:\/\/collections\/kitchenaid"}},"footer":{"type":"footer","settings":{"footer_title_1":"Shops","footer_linklist":"footer","footer_title_2":"Information","footer_linklist_2":"footer","footer_title_3":"Customer Service | Kundendienst","footer_linklist_3":"footer","footer_social_enable":true,"footer_social_title":"STAY CONNECTED","fb_like_code":"","footer_newsletter_enable":true,"footer_newsletter_text":"NEWSLETTER SIGN UP","footer_address_code":"© 2018ArtFull Shopify Store. All rights reserved. <br>Design by <a href=\"https:\/\/3oneseven.com\/\">milo<\/a>.","show_payment_icons":true,"payment_display_visa":true,"payment_display_visa_electron":false,"payment_display_american_express":true,"payment_display_master":true,"payment_display_maestro":false,"payment_display_solo":false,"payment_display_paypal":true,"payment_display_amazon_payments":false,"payment_display_apple_pay":false,"payment_display_bitcoin":false,"payment_display_cirrus":false,"payment_display_dankort":false,"payment_display_diners_club":false,"payment_display_discover":false,"payment_display_dogecoin":false,"payment_display_dwolla":false,"payment_display_forbrugsforeningen":false,"payment_display_interac":false,"payment_display_jcb":false,"payment_display_litecoin":false,"payment_display_stripe":false,"icon_visa":"shopify:\/\/shop_images\/icon-cc-visa.png","icon_visa_electron":"shopify:\/\/shop_images\/icon-cc-paypal.png","icon_master":"shopify:\/\/shop_images\/icon-cc-mastercard.png","icon_american_express":"shopify:\/\/shop_images\/icon-cc-american-express.png","icon_maestro":"","icon_solo":"","icon_paypal":"shopify:\/\/shop_images\/icon-cc-paypal.png","icon_amazon_payments":"","icon_apple_pay":"","icon_bitcoin":"","icon_cirrus":"","icon_dankort":"","icon_diners_club":"","icon_discover":"","icon_dogecoin":"","icon_dwolla":"","icon_forbrugsforeningen":"","icon_interac":"","icon_jcb":"","icon_litecoin":"","icon_stripe":""}},"1489499624605":{"type":"homepage-block-trending","settings":{"show_slider_trending":true,"show_slider_trending_collection":"kitchenaid","slider_trending_title":"Trending Now","slider_trending_limit_all":"10","trending_collection_results_per_row":"5"}},"sidebar":{"type":"sidebar","blocks":{"1489914800057":{"type":"filter_color","settings":{"enable":true,"title":"Color | Farbe","color_text_1":"Beige","color_img_1":"","color_text_2":"Red","color_img_2":"","color_text_3":"White","color_img_3":"","color_text_4":"Pink","color_img_4":"","color_text_5":"Silver","color_img_5":"","color_text_6":"Blue","color_img_6":"","color_text_7":"Gray","color_img_7":"","color_text_8":"Black","color_img_8":"","color_text_9":"Green","color_img_9":"","color_text_10":"","color_img_10":"","color_text_11":"","color_img_11":"","color_text_12":"","color_img_12":"","color_text_13":"","color_img_13":"","color_text_14":"","color_img_14":"","color_text_15":"","color_img_15":"","color_text_16":"","color_img_16":"","color_text_17":"","color_img_17":"","color_text_18":"","color_img_18":"","color_text_19":"","color_img_19":"","color_text_20":"","color_img_20":""}},"1489916260508":{"type":"filter_text","settings":{"enable":true,"title":"Size | Größe","list_tags":"XS, S, M, L, XL, text"}},"1489916287652":{"type":"filter_text","settings":{"enable":true,"title":"Price | Preis","list_tags":"Under $100, $100 - $200, Above $200"}},"1489916302167":{"type":"filter_text","settings":{"enable":true,"title":"Brand | Marke","list_tags":"Chanel, Dior, Gap, Lucci, Louis, Hermes"}},"1489914960638":{"type":"product","settings":{"enable":true,"title":"Featured Products | Ausgewählte Artikel","collection":"","limit":"8"}},"1489915180773":{"type":"image","settings":{"enable":true,"image":"","link":""}},"1489915227132":{"type":"quote","settings":{"enable":true,"title":"Custom CMS Block | Benutzerdefinierte CMS-Block","quote":"<p>Custom CMS block displayed at the left sidebar on the Catalog Page. Put your own content here: text, html, images, media... whatever you like. There are many similar sample content placeholders across the store. All editable from admin panel. | Benutzerdefinierte CMS-Block in der linken Seitenleiste auf der Katalogseite angezeigt. F&uuml;gen Sie hier Ihren eigenen Inhalt: Text, HTML, Bilder, Medien ..., was Sie wollen &nbsp;Es gibt viele &auml;hnliche Probe Inhaltsplatzhalter in den Laden.. Alle editierbar von Admin-Panel.<\/p>"}}},"block_order":["1489914800057","1489916260508","1489916287652","1489916302167","1489914960638","1489915180773","1489915227132"],"settings":{"display_sidebar_cat_page":true,"show_sidebar":"left","display_sidebar_categories":true,"title":"Categories | Kategorien","style_categories":"style_show_all","categories_items":"BAGS & ACCESSORIES, COMOS DE MILANO, LOREM ET DORUS,LYNN COSMOPOLIS, MILANCELOS A LANOS, NOR LOREMIRUS, TOP BRANDS, SALE & SPECIAL OFFERS, WOMEN,  MEN"}},"collection-header":{"type":"collection-header","settings":{"display_image_cat":true,"img_cat":"shopify:\/\/shop_images\/Kitchenaid-Black-Friday-Deals-Sales-Ads.jpg"}},"collection-template":{"type":"collection-template","settings":{"collection_results_per_row":"3","collection_results_per_page":"16"}},"recently-viewed-products":{"type":"recently-viewed-products","settings":{"display_recently_viewed_products":true,"recently_viewed_products_title":"Recently Viewed Products","number_of_recently_viewed_products":"4"}},"list-collection":{"type":"list-collection","settings":{"list_collection_results_per_row":"3"}},"product-template":{"type":"product-template","settings":{"style_moreview":"horizontal","display_prev_next_product":true,"display_availability":true,"text_availability":"Availability","display_product_type":false,"text_product_type":"Product Type","display_vendor":true,"text_vendor":"Vendor","text_countdown":"Limited-Time Offers, End in:","show_desc":"short","display_subtotal":false,"display_product_detail_tag":true,"display_product_detail_share":true,"text_share":"Shares:","show_tab":"vertical","display_product_detail_description":true,"product_description_title":"Product Description","display_custom_tab":true,"custom_tab_title":"Shipping & Returns | Liefer- und Versandkosten","custom_tab_content":"<h4>Returns Policy<\/h4><p>You may return most new, unopened items within 30 days of delivery for a full refund. We'll also pay the return shipping costs if the return is a result of our error (you received an incorrect or defective item, etc.).<\/p><p>You should expect to receive your refund within four weeks of giving your package to the return shipper, however, in many cases you will receive a refund more quickly. This time period includes the transit time for us to receive your return from the shipper (5 to 10 business days), the time it takes us to process your return once we receive it (3 to 5 business days), and the time it takes your bank to process our refund request (5 to 10 business days).<\/p><p>If you need to return an item, simply login to your account, view the order using the 'Complete Orders' link under the My Account menu and click the Return Item(s) button. We'll notify you via e-mail of your refund once we've received and processed the returned item.<\/p><h4>Shipping<\/h4><p>We can ship to virtually any address in the world. Note that there are restrictions on some products, and some products cannot be shipped to international destinations.<\/p><p>When you place an order, we will estimate shipping and delivery dates for you based on the availability of your items and the shipping options you choose. Depending on the shipping provider you choose, shipping date estimates may appear on the shipping quotes page.<\/p><p>Please also note that the shipping rates for many items we sell are weight-based. The weight of any such item can be found on its detail page. To reflect the policies of the shipping companies we use, all weights will be rounded up to the next full pound.<\/p>","display_size_chart":true,"custom_size_chart_title":"Size Chart","custom_size_chart":"","display_product_reviews":true,"product_review_title":"Customer Reviews","display_related_products":true,"related_products_title":"Related Products","number_of_related_products":"8","related_products_type":"collection"}},"sidebar-blog":{"type":"sidebar-blog","blocks":{"1489938241818":{"type":"image","settings":{"image":"shopify:\/\/shop_images\/logo_1_97cd0b75-4359-4486-9e10-b49b63a60eb9.png","link":""}},"1489938601670":{"type":"quote","settings":{"title":"Custom Block","quote":"<p>Add customer reviews and testimonials to showcase your store&rsquo;s happy customers.<\/p>"}}},"block_order":["1489938241818","1489938601670"],"settings":{"display_sidebar_blog_page":true,"sidebar_recent_art":true,"sidebar_tag":true}},"blog-template":{"type":"blog-template","settings":{"layout":"list","blog_post":"2","grid":"2","blog_show_author":true,"blog_show_date":true}},"contact-template":{"type":"contact-template","settings":{"display_google_map":true,"google_map_code":"<iframe src=\"https:\/\/www.google.com\/maps\/embed?pb=!1m18!1m12!1m3!1d101548.96527852378!2d-122.11368448109212!3d37.3092293119474!2m3!1f0!2f0!3f0!3m2!1i1024!2i768!4f13.1!3m3!1m2!1s0x808fb4571bd377ab%3A0x394d3fe1a3e178b4!2sCupertino%2C+CA%2C+USA!5e0!3m2!1sen!2sde!4v1540554696668\" style=\"border:0\" allowfullscreen=\"\" width=\"100%\" height=\"450\" frameborder=\"0\"><\/iframe>","contact_title":"Drop Us A Line | Schreiben Sie uns","contact_text_desc":"Comodous et accusamus et iusto odios un dignissimos ducimus qui blan ditiis prasixer esentium voluptatum un deleniti atqueste sites excep turiitate non providentsimils. Nemo enim ipsam voluptatem quia voluptas sit aspernatur aut odit aut fugit, consequunturser magni halothemes - premium shopify templates & themes sequi nesciunt lorem ipsum dolor sit amet isse potenti. Vesquam ante aliquet lacusemper loremous.","contact_your_name":"","contact_phone_number":"","contact_your_email":"","display_location":true,"location_code":"<h4>Please do get in touch!<\/h4><p class=\"line\"><\/p><p>We'd love to hear from you - please use the form to send us your message or ideas. Or simply pop in for a cup of fresh tea and a cookie:<\/p><p>8808 Ave Dermentum, Onsectetur Adipiscing<br>Tortor Sagittis, CA 880986,<br>United States<\/p><p>9087S Divamus Faucibus Str., <br> City name,<br> Postal Code,<br>CA 90896 <br>United States<\/p><p>Email: stores@domain.com<br>Toll-free: (1800) 000 8808<\/p><p class=\"open-hours\">Opening Hours:<br>Monday to Saturday: 9am - 10pm<br>Sundays: 10am - 6pm<\/p> | <h4>Bitte kontaktieren Sie uns!<\/h4>\r\n<p class=\"line\"><\/p>\r\n<p>Wir würden uns freuen von Ihnen zu hören - nutzen Sie bitte das Formular aus, um uns Ihre Nachricht oder Ideen. Oder einfach nur Pop in eine Tasse frischen Tee und ein Cookie:<\/p>\r\n<p>8808 Ave Dermentum, Onsectetur Adipiscing<br>Tortor Sagittis, CA 880986,<br>United States<\/p>\r\n<p>9087S Divamus Faucibus Str., <br> City name,<br> Postal Code,<br>CA 90896 <br>United States<\/p>\r\n<p>E-Mail: stores@domain.com<br>Toll-free: (1800) 000 8808<\/p>\r\n<p class=\"open-hours\">Öffnungszeiten:<br>Montag bis Samstag: 09.00 Uhr bis 22.00 Uhr<br>Sonntag: 10.00 Uhr bis 06.00 Uhr<\/p>"}},"lookbook":{"type":"lookbook","blocks":{"1489975455753":{"type":"image","settings":{"lb_slideshow":"shopify:\/\/shop_images\/Kitchenaid-Black-Friday-Deals-Sales-Ads_b9716204-721e-4aa4-800d-04d91dac231b.jpg","lb_image_link":"","lb_slideshow_align":"left","lb_text_sample":"ArtFull","title":"ArtFull","lb_slide_text":"Aenean pulvinar vulputate enim et tempus"}},"1489975477125":{"type":"image","settings":{"lb_slideshow":"shopify:\/\/shop_images\/75e91299497878fa45dbf47aa3c194fb4eaaff5d.jpeg","lb_image_link":"","lb_slideshow_align":"right","lb_text_sample":"ArtFull","title":"ArtFull","lb_slide_text":"Pellentesque dignissim aliquet nisi non semper cosmo."}},"1489975482628":{"type":"image","settings":{"lb_slideshow":"shopify:\/\/shop_images\/video.jpg","lb_image_link":"","lb_slideshow_align":"right","lb_text_sample":"ArtFull","title":"ArtFull","lb_slide_text":"Vivamus sed varius lectus deu bibendum metus"}}},"block_order":["1489975455753","1489975477125","1489975482628"],"settings":{"display_lb_slideshow":true,"lb_slideshow_speed":"8000","lb_slideshow_transition":"true","display_lb_button":true,"lb_button_text":"Shop it","lb_button_link":"shopify:\/\/collections\/all"}},"product-sidebar":{"type":"product-sidebar","blocks":{"1490020002427":{"type":"menu","settings":{"enable":true,"title":"Categories |  Kategorien","style_categories":"style_show_all","categories_items":"Men"}},"1490020829291":{"type":"product","settings":{"enable":true,"title":"FEATURED PRODUCTS","collection":"","limit":"10"}},"1490021420886":{"type":"image","settings":{"enable":true,"image":"","link":""}},"1490021455077":{"type":"quote","settings":{"enable":true,"title":"CUSTOM CMS BLOCK","quote":"<p>Add customer reviews and testimonials to showcase your store&rsquo;s happy customers.<\/p>"}}},"block_order":["1490020002427","1490020829291","1490021420886","1490021455077"],"settings":{"display_sidebar_detail_page":true}},"cart-template":{"type":"cart-template","settings":{"cart_notes":true}},"1490716464547":{"type":"slideshow","blocks":{"1490716464547-0":{"type":"image","settings":{"image":"shopify:\/\/shop_images\/video.jpg","alignment":"center","title":"KitchenAid Artisan","subheading":"Celebrate 100 Years of Making with a Custom Color and Heritage Inspired Design. This mixer is featured in a custom, classic color, Misty Red, which harkens back to one of the first ever KitchenAid Stand Mixer colors introduced.","button":"Shop The Collection |  Unsere Kollektion anschauen","link":"shopify:\/\/collections"}},"1491142899754":{"type":"image","settings":{"image":"shopify:\/\/shop_images\/75e91299497878fa45dbf47aa3c194fb4eaaff5d.jpeg","alignment":"left","title":"Additional Features","subheading":"Enough capacity to mix up to 9 dozen cookies. Dishwasher-safe.","button":"Shop Now","link":"shopify:\/\/collections\/kitchenaid"}},"1491059270450":{"type":"image","settings":{"image":"shopify:\/\/shop_images\/sl12.jpg","alignment":"left","title":"Heritage Inspired Design","subheading":"With unique features including a heritage-inspired KitchenAid® logo, a white coated stainless steel bowl and a custom Power Hub cover celebrating 100 years of KitchenAid Brand.","button":"Shop The Collection","link":"shopify:\/\/collections\/kitchenaid"}}},"block_order":["1490716464547-0","1491142899754","1491059270450"],"settings":{"slideshow_speed":"8000","slideshow_transition":"true","video_height":"38.25%","auto_playvideo":false}},"1497262047204":{"type":"homepage-block-new-arrivals","settings":{"show_product_list_home_page":true,"product_list_collection":"kitchenaid","product_list_title":"New Arrivals","product_list_limit_all":"5","display_infinite_scrolling_homepage":true,"product_list_limit":"5","collection_results_per_row1":"5"}},"1540479889528":{"type":"homepage-custom-text-top","blocks":{"1540479907867":{"type":"banner","settings":{"heading":"Lorem Et Dorus","custom_bottom_description":"Nullam aliquet vestibulum augue non varius. Cras nec congue elitos. Duis tristique del ante nec aliquam. Praesent urna tellus laoreet an tellus ullamcorper fermentum facilisis eratum.","custom_bottom_button":"Shop Now","custom_bottom_url":""}},"1540480241110":{"type":"banner","settings":{"heading":"Lorem Et Dorus","custom_bottom_description":"Nullam aliquet vestibulum augue non varius. Cras nec congue elitos. Duis tristique del ante nec aliquam. Praesent urna tellus laoreet an tellus ullamcorper fermentum facilisis eratum.","custom_bottom_button":"Shop Now","custom_bottom_url":""}},"1540480245530":{"type":"banner","settings":{"heading":"Lorem Et Dorus","custom_bottom_description":"Nullam aliquet vestibulum augue non varius. Cras nec congue elitos. Duis tristique del ante nec aliquam. Praesent urna tellus laoreet an tellus ullamcorper fermentum facilisis eratum.","custom_bottom_button":"Shop Now","custom_bottom_url":""}}},"block_order":["1540479907867","1540480241110","1540480245530"],"settings":{"custom-html":true}}},"content_for_index":["1490716464547","1540479889528","1497262047204","1489329138390","1489499624605","1489074782933","1489250340502"]},"presets":{"Default":{"enable_retina":true,"brand_type":"image","brand_text":"","min_height_logo":"53","display_header_top_text":true,"header_top_text":"Mid-Season Sale Up to 70% OFF. Use Code: “SALE70”.","header_top_link":"Shop Now","bg_header_top_color":"#ffe8e8","text_header_top_color":"#b05d5d","show_header_search":true,"search_placeholder":"search","display_header_text_order":true,"header_text_order":"Order online or call us (1800) 000 8808","header_text_order_text_color":"#141414","header_link_text_color":"#323232","display_header_free_shipping":true,"header_free_shipping":"Free shipping on All Orders. No Minimum Purchase.","header_free_shipping_text_color":"#000000","dropdowncart_type":"hover","bg_footer_img":"none","bg_footer_color":"#141414","bg_footer_position_x":"left","bg_footer_position_y":"top","bg_footer_repeat":"no-repeat","bg_footer_attachment":"scroll","bg_footer_line_color":"#282828","footer_title_color":"#ffffff","footer_link_color":"#969696","footer_column_1_title":"Shops","footer_column_2_title":"Information","footer_column_3_title":"Customer Service","display_social":true,"footer_column_4_title":"Stay Connected","footer_social_link_1":"http:\/\/facebook.com\/shopify","footer_social_link_2":"http:\/\/twitter.com\/shopify","footer_social_link_3":"http:\/\/twitter.com\/shopify","footer_social_link_4":"http:\/\/twitter.com\/shopify","footer_social_link_5":"http:\/\/twitter.com\/shopify","footer_display_newsletter":true,"footer_newsletter_title":"Newsletter Sign Up","mailing_list_form_action":"\/\/halothemes.us3.list-manage.com\/subscribe\/post?u=0bf85dc81d846feb53a235178&amp;id=89ea28643a","display_footer_address":true,"footer_address_code":"© 2014 ELLA Fashion Store Shopify. All Rights Reserved. Ecommerce Software by Shopify.<br>Designed by <a href=\"http:\/\/halothemes.com\/\" title='HaloThemes.com'>HaloThemes.com<\/a>.","payment_methods_display_visa?":true,"payment_methods_display_american-express?":true,"payment_methods_display_mastercard?":true,"payment_methods_display_discover?":false,"payment_methods_display_paypal?":true,"payment_methods_display_google-checkout?":false,"payment_methods_display_maestro?":false,"payment_methods_display_cirrus?":false,"bg_body_img":"none","bg_body_color":"#ffffff","bg_body_position_x":"left","bg_body_position_y":"top","bg_body_repeat":"repeat","bg_body_attachment":"scroll","body_font_size":"12","body_color":"#2d2d2d","display_breadcrumb":true,"breadcrumb_color":"#848484","breadcrumb_text_transform":"lowercase","page_title_color":"#000000","page_title_text_align":"left","display_megamenu":true,"megamenu_items":"Shop","enable_new":false,"menu_link_image":"\/collections","display_fixtop_menu":true,"show_featured_product_menu":true,"menu_featured_product_title":"Featured Products","nav_bg_color":"#141414","nav_link_top_color":"#ffffff","nav_link_top_hover_color":"#ffffff","show_dropdown_arrow":true,"nav_dropdown_border_style":"solid","nav_dropdown_border_color":"#c5cacb","nav_dropdown_bg_color":"#ffffff","nav_dropdown_link_color":"#000000","nav_dropdown_link_color_hover":"#000000","primary_button_bg_color":"#000000","primary_button_border_color":"#000000","primary_button_text_color":"#ffffff","primary_button_bg_color_hover":"#ffffff","primary_button_border_color_hover":"#000000","primary_button_text_color_hover":"#000000","second_button_bg_color":"#ffffff","second_button_border_color":"#7d7d7d","second_button_text_color":"#000000","second_button_bg_color_hover":"#e95144","second_button_border_color_hover":"#e95144","second_button_text_color_hover":"#ffffff","display_three_block_banner":true,"three_block_banner_color":"#ffffff","three_block_banner_size":"13","display_banner_text_1":true,"three_block_banner_text_1":"Editor’s Pick","three_block_banner_link_1":"http:\/\/www.shopify.com\/","three_block_banner_color_1":"#ffffff","three_block_banner_size_1":"13","display_banner_text_2":true,"three_block_banner_text_2":"Shoes","three_block_banner_link_2":"http:\/\/www.shopify.com\/","three_block_banner_color_2":"#000000","three_block_banner_size_2":"13","display_banner_text_3":true,"three_block_banner_text_3":"Accessories","three_block_banner_link_3":"http:\/\/www.shopify.com\/","three_block_banner_color_3":"#ffffff","three_block_banner_size_3":"13","show_product_list_home_page":true,"product_list_title":"New Arrivals","product_list_limit_all":"30","display_infinite_scrolling_homepage":true,"product_list_infinite_scrolling_text":"Show More","product_list_no_more_product_text":"No More Product","product_list_limit":"10","collection_results_per_row1":"5","display_banner":true,"banner_text_title":"Milancelos","banner_text_title_color":"#000000","banner_text_description":"Pellentesque posuere orci lobortis scelerisque blandit. Donec id tellus lacinia an, tincidunt risus ac, consequat velit. Quisquemos sodales suscipit tortor ditaemcos condimentum lacus meleifend menean viverra auctor blanditos comodous.","banner_text_description_color":"#2d2d2d","banner_button_text":"Shop The Collection","show_slider_trending":true,"slider_trending_title":"Trending Now","slider_trending_limit_all":"10","trending_collection_results_per_row":"5","display_three_banner_bottom":true,"banner_home_bottom_title":"#Featured On Ella","three_banner_bottom_title_color":"#000000","three_banner_bottom_title_size":"20","three_banner_bottom_description_color":"#2d2d2d","three_banner_bottom_description_size":"12","display_banner_title_1":true,"three_banner_bottom_title_1":"Lorem Et Dorus","three_banner_bottom_title_color_1":"#000000","three_banner_bottom_title_size_1":"20","display_banner_description_1":true,"three_banner_bottom_description_1":"Nullam aliquet vestibulum augue non varius. Cras nec congue elitos. Duis tristique del ante nec aliquam. Praesent urna tellus laoreet an tellus ullamcorper fermentum facilisis eratum.","three_banner_bottom_description_color_1":"#2d2d2d","three_banner_bottom_description_size_1":"12","display_banner_button_1":true,"three_banner_bottom_button_text_1":"Shop Now","three_banner_bottom_link_1":"\/collections","display_banner_title_2":true,"three_banner_bottom_title_2":"Milancelos A Lanos","three_banner_bottom_title_color_2":"#000000","three_banner_bottom_title_size_2":"20","display_banner_description_2":true,"three_banner_bottom_description_2":"Nullam aliquet vestibulum augue non varius. Cras nec congue elitos. Duis tristique del ante nec aliquam. Praesent urna tellus laoreet an tellus ullamcorper fermentum facilisis eratum.","three_banner_bottom_description_color_2":"#2d2d2d","three_banner_bottom_description_size_2":"12","display_banner_button_2":true,"three_banner_bottom_button_text_2":"Shop Now","three_banner_bottom_link_2":"\/collections","display_banner_title_3":true,"three_banner_bottom_title_3":"Comos De Milano","three_banner_bottom_title_color_3":"#000000","three_banner_bottom_title_size_3":"20","display_banner_description_3":true,"three_banner_bottom_description_3":"Nullam aliquet vestibulum augue non varius. Cras nec congue elitos. Duis tristique del ante nec aliquam. Praesent urna tellus laoreet an tellus ullamcorper fermentum facilisis eratum.","three_banner_bottom_description_color_3":"#2d2d2d","three_banner_bottom_description_size_3":"12","display_banner_button_3":true,"three_banner_bottom_button_text_3":"Shop Now","three_banner_bottom_link_3":"\/collections","display_brands_slider":true,"brands_slider_image_1_title":"Loremous","brands_slider_image_1_link":"http:\/\/twitter.com\/shopify","brands_slider_image_2_title":"Isabella","brands_slider_image_2_link":"http:\/\/twitter.com\/shopify","brands_slider_image_3_title":"Magcor","brands_slider_image_3_link":"http:\/\/twitter.com\/shopify","brands_slider_image_4_title":"Fermends","brands_slider_image_4_link":"http:\/\/twitter.com\/shopify","brands_slider_image_5_title":"Conseqaur","brands_slider_image_5_link":"http:\/\/twitter.com\/shopify","brands_slider_image_6_title":"Loremous","brands_slider_image_6_link":"http:\/\/twitter.com\/shopify","brands_slider_image_7_title":"Isabella","brands_slider_image_7_link":"http:\/\/twitter.com\/shopify","brands_slider_image_8_title":"Magcor","brands_slider_image_8_link":"http:\/\/twitter.com\/shopify","brands_slider_image_9_title":"Fermends","brands_slider_image_9_link":"http:\/\/twitter.com\/shopify","brands_slider_image_10_title":"Conseqaur","brands_slider_image_10_link":"http:\/\/twitter.com\/shopify","show_instagram":true,"instagram_title":"#Ella On Instagram","instagram_des":"Phasellus lorem malesuada ligula pulvinar commodo maecenas suscipit auctom.","display_instagram_button":true,"instagram_button_text":"View Gallery","tag-name":"nycbicycle","client-id":"bf36974dab61492aa26bd3ea2c92cefe","limit":"10","display_slideshow":true,"slideshow_speed":"5000","slideshow_transition":"false","slide_heading_color":"#000000","slide_heading_size":"40","slide_text_color":"#ffffff","slide_text_size":"12","display_slideshow_1":true,"image_1_link":"http:\/\/twitter.com\/shopify","image_1_alt":"Lorem a Cosmo","slide-heading_1":"Lorem a Cosmo","slide_heading_color_1":"#000000","slide_heading_size_1":"40","slide-text_1":"Pellentesque posuere orci lobortis scelerisque blandit. Donec id tellus lacinia an, tincidunt risus ac, consequat velit. Quisquemos sodales suscipit tortor ditaemcos condimentum lacus meleifend menean viverra auctor blanditos comodous.","slide_text_color_1":"#2d2d2d","slide_text_size_1":"12","button-text_1":"Shop The Collection","display_slideshow_2":true,"image_2_link":"http:\/\/twitter.com\/shopify","image_2_alt":"","slide-heading_2":"","slide_heading_color_2":"#ffffff","slide_heading_size_2":"50","slide-text_2":"","slide_text_color_2":"#ffffff","slide_text_size_2":"11","button-text_2":"Shop Now","display_slideshow_3":true,"image_3_link":"http:\/\/twitter.com\/shopify","image_3_alt":"Loremous","slide-heading_3":"Loremous","slide_heading_color_3":"#000000","slide_heading_size_3":"40","slide-text_3":"Pellentesque posuere orci lobortis scelerisque blandit. Donec id tellus lacinia an, tincidunt risus ac, consequat velit. Quisquemos sodales suscipit tortor ditaemcos condimentum lacus meleifend menean viverra auctor blanditos comodous.","slide_text_color_3":"#2d2d2d","slide_text_size_3":"12","button-text_3":"Shop The Collection","display_slideshow_4":false,"image_4_link":"","image_4_alt":"","slide-heading_4":"","slide_heading_color_4":"#ffffff","slide_heading_size_4":"64","slide-text_4":"","slide_text_color_4":"#ffffff","slide_text_size_4":"14","button-text_4":"","display_slideshow_5":false,"image_5_link":"","image_5_alt":"","slide-heading_5":"","slide_heading_color_5":"#ffffff","slide_heading_size_5":"64","slide-text_5":"","slide_text_color_5":"#ffffff","slide_text_size_5":"14","button-text_5":"","display_slideshow_6":false,"image_6_link":"","image_6_alt":"","slide-heading_6":"","slide_heading_color_6":"#ffffff","slide_heading_size_6":"64","slide-text_6":"","slide_text_color_6":"#ffffff","slide_text_size_6":"14","button-text_6":"","display_slideshow_7":false,"image_7_link":"","image_7_alt":"","slide-heading_7":"","slide_heading_color_7":"#ffffff","slide_heading_size_7":"64","slide-text_7":"","slide_text_color_7":"#ffffff","slide_text_size_7":"14","button-text_7":"","display_slideshow_8":false,"image_8_link":"","image_8_alt":"","slide-heading_8":"","slide_heading_color_8":"#ffffff","slide_heading_size_8":"64","slide-text_8":"","slide_text_color_8":"#ffffff","slide_text_size_8":"14","button-text_8":"","display_slideshow_9":false,"image_9_link":"","image_9_alt":"","slide-heading_9":"","slide_heading_color_9":"#ffffff","slide_heading_size_9":"64","slide-text_9":"","slide_text_color_9":"#ffffff","slide_text_size_9":"14","button-text_9":"","display_slideshow_10":false,"image_10_link":"","image_10_alt":"","slide-heading_10":"","slide_heading_color_10":"#ffffff","slide_heading_size_10":"64","slide-text_10":"","slide_text_color_10":"#ffffff","slide_text_size_10":"14","button-text_10":"","display_popup_newsletter":true,"popup_newsletter_title":"Join Our Mailing List","popup_newsletter_sub_title":"Pellentesque de fermentum mollis comodous an loremous","popup_newsletter_message":"Sign Up for exclusive updates, new arrivals <br>and insider-only discounts","display_popup_social":true,"display_popup_social_1":true,"popup_social_1_link":"http:\/\/www.facebook.com\/Shopify","display_popup_social_2":true,"popup_social_2_link":"http:\/\/www.twitter.com\/shopify","display_popup_social_3":true,"popup_social_3_link":"https:\/\/plus.google.com\/+shopify","display_popup_social_4":true,"popup_social_4_link":"http:\/\/instagram.com\/shopify","display_popup_social_5":true,"popup_social_5_link":"http:\/\/instagram.com\/shopify","display_popup_social_6":true,"popup_social_6_link":"http:\/\/instagram.com\/shopify","display_sidebar_categories":true,"sidebar_categories_title":"Categories","enable_shop_by_tags_1":true,"shop_by_tags_1_title":"Color","shop_by_color_text_1":"Beige","shop_by_color_text_2":"Red","shop_by_color_text_3":"White","shop_by_color_text_4":"Pink","shop_by_color_text_5":"Silver","shop_by_color_text_6":"Blue","shop_by_color_text_7":"Gray","shop_by_color_text_8":"Black","shop_by_color_text_9":"Green","shop_by_color_text_10":"","enable_shop_by_tags_2":true,"shop_by_tags_2_title":"Size","shop_by_tags_2_list_tags":"XS, S, M, L, XL","enable_shop_by_tags_3":true,"shop_by_tags_3_title":"Price","shop_by_tags_3_list_tags":"Under $100, $100 - $200, Above $200","enable_shop_by_tags_4":true,"shop_by_tags_4_title":"Brand","shop_by_tags_4_list_tags":"Chanel, Dior, Gap","show_featured_product":true,"featured_product_title":"Featured Products","featured_product_limit_all":"8","display_banner_sidebar":true,"banner_sidebar_link":"#","display_sidebar_custom":true,"custom_cms_title":"Custom CMS Block","custom_cms_text":"<p>Custom CMS block displayed at the left sidebar on the Catalog Page. Put your own content here: text, html, images, media... whatever you like.<\/p><p>There are many similar sample content placeholders across the store. All editable from admin panel.<\/p>","enable_wishlist":true,"product_image_border":false,"product_image_border_color":"#c3c3c3","product_image_crop":true,"product_image_ratio_width":"1","product_image_ratio_height":"1.35","display_image_cat":true,"collection_results_per_page":"12","collection_results_per_row":"4","collection_infinite_scrolling":false,"collection_infinite_scrolling_text":"Show More","collection_infinite_scrolling_no_more_product_text":"No more product","style_moreview":"horizontal","display_prev_next_product":true,"display_availability":true,"display_product_type":true,"display_vendor":true,"use_color_swatch":true,"display_subtotal":true,"display_product_detail_tag":false,"display_product_detail_share":true,"text_share":"<strong>Share:<\/strong> Get $20 for every friend who join us & makes a purchase!","social_title_1":"Email","social_link_1":"mailto:support@halothemes.com","social_title_2":"Share Facebook","social_link_2":"#","social_title_3":"Twitter","social_link_3":"#","social_title_4":"Pinterest","social_link_4":"#","social_title_5":"Google+","social_link_5":"#","social_title_6":"Instagram","social_link_6":"#","display_product_detail_description":true,"product_description_title":"Product Description","display_custom_tab":true,"custom_tab_title":"Shipping & Returns","custom_tab_content":"<h4>Returns Policy<\/h4><p>You may return most new, unopened items within 30 days of delivery for a full refund. We'll also pay the return shipping costs if the return is a result of our error (you received an incorrect or defective item, etc.).<\/p><p>You should expect to receive your refund within four weeks of giving your package to the return shipper, however, in many cases you will receive a refund more quickly. This time period includes the transit time for us to receive your return from the shipper (5 to 10 business days), the time it takes us to process your return once we receive it (3 to 5 business days), and the time it takes your bank to process our refund request (5 to 10 business days).<\/p><p>If you need to return an item, simply login to your account, view the order using the 'Complete Orders' link under the My Account menu and click the Return Item(s) button. We'll notify you via e-mail of your refund once we've received and processed the returned item.<\/p><h4>Shipping<\/h4><p>We can ship to virtually any address in the world. Note that there are restrictions on some products, and some products cannot be shipped to international destinations.<\/p><p>When you place an order, we will estimate shipping and delivery dates for you based on the availability of your items and the shipping options you choose. Depending on the shipping provider you choose, shipping date estimates may appear on the shipping quotes page.<\/p><p>Please also note that the shipping rates for many items we sell are weight-based. The weight of any such item can be found on its detail page. To reflect the policies of the shipping companies we use, all weights will be rounded up to the next full pound.<\/p>","display_size_chart":true,"custom_size_chart_title":"Size Chart","display_product_reviews":true,"product_review_title":"Customer Reviews","display_related_products":true,"related_products_title":"Related Products","number_of_related_products":"8","related_products_type":"tags","display_recently_viewed_products":true,"recently_viewed_products_title":"Recently Viewed Products","number_of_recently_viewed_products":"8","enable_quick_view":true,"display_quickview_availability":true,"display_quickview_product_type":true,"display_quickview_vendor":true,"display_quickview_subtotal":true,"cart_notes":true,"ajax_cart":true,"show_shipping_calculator":true,"shipping_calculator_heading":"Get shipping estimates","shipping_calculator_default_country":"United States","shipping_calculator_submit_button_label":"Calculate Shipping","shipping_calculator_submit_button_label_disabled":"Calculating...","enable_multiple_currencies":true,"currency_1_unit":"AUD","currency_2_unit":"EUR","currency_3_unit":"GBP","currency_4_unit":"USD","display_google_map":true,"google_map_code":"<iframe src='https:\/\/maps.google.com\/maps?f=q&amp;source=s_q&amp;hl=vi&amp;geocode=&amp;q=4+Nguy%E1%BB%85n+%C4%90%C3%ACnh+chi%E1%BB%83u,+%C4%90a+Kao,+Qu%E1%BA%ADn+1&amp;aq=&amp;sll=37.0625,-95.677068&amp;sspn=41.903538,86.572266&amp;ie=UTF8&amp;hq=&amp;hnear=4+Nguy%E1%BB%85n+%C4%90%C3%ACnh+Chi%E1%BB%83u,+%C4%90a+Kao,+Qu%E1%BA%ADn+1,+H%E1%BB%93+Ch%C3%AD+Minh,+Vi%E1%BB%87t+Nam&amp;t=m&amp;ll=10.797518,106.700377&amp;spn=0.014754,0.071197&amp;z=15&amp;iwloc=A&amp;output=embed' frameborder='0' marginwidth='0' marginheight='0' scrolling='no' width='100%'' height='350'><\/iframe>","contact_your_name":"","contact_phone_number":"","contact_your_email":"","contact_your_comment":"","display_location":true,"location_code":"<h4>Please do get in touch!<\/h4><p class=\"line\"><\/p><p>We'd love to hear from you - please use the form to send us your message or ideas. Or simply pop in for a cup of fresh tea and a cookie:<\/p><p>8808 Ave Dermentum, Onsectetur Adipiscing<br>Tortor Sagittis, CA 880986,<br>United States<\/p><p>9087S Divamus Faucibus Str., <br> City name,<br> Postal Code,<br>CA 90896 <br>United States<\/p><p>Email: stores@domain.com<br>Toll-free: (1800) 000 8808<\/p><p class=\"open-hours\">Opening Hours:<br>Monday to Saturday: 9am - 10pm<br>Sundays: 10am - 6pm<\/p>","enable_lazy_loading_pc":true,"enable_lazy_loading_mobile":false,"font_1":"google_fonts","font_2":"google_fonts","font_3":"google_fonts","checkout_use_header_image":true,"checkout_banner_background_color":"#ffffff","checkout_logo":"checkout_logo.png","checkout_headline":"","checkout_accent_color":"#2d2d2d","checkout_button_color":"#000000","checkout_call_to_action_color":"#000000","customer_layout":"theme","facebook_link":"http:\/\/facebook.com\/shopify","twitter_link":"http:\/\/twitter.com\/shopify","google_link":"http:\/\/twitter.com\/shopify","instagram_link":"http:\/\/twitter.com\/shopify","rss_link":"http:\/\/twitter.com\/shopify","share_email_title":"Email","share_email_link":"mailto:support@halothemes.com","share_fb_title":"Share Facebook","share_fb_link":"#","share_tw_title":"Twitter","share_tw_link":"#","share_pin_title":"Pinterest","share_pin_link":"#","share_google_title":"Google+","share_google_link":"#","share_ins_title":"Instagram","share_ins_link":"#","display_new":"true","display_icon_new":"true","product_item_no_hover":"false","contact_field_code":"<h2>Drop Us A Line<\/h2>\r\n            <label for=\"contactFormName\">Your Name<\/label>\r\n            <input type=\"text\" id=\"contactFormName\" name=\"contact[name]\" placeholder=\"Your Name\" autocapitalize=\"words\">\r\n                     \r\n  \r\n            <label for=\"contactFormEmail\">Email<em>*<\/em><\/label>\r\n            <input type=\"email\" name=\"contact[email]\" placeholder=\"you@email.com\" id=\"contactFormEmail\" autocorrect=\"off\" autocapitalize=\"off\">\r\n  \r\n            <label for=\"contactFormPhone\">Phone Number<\/label>\r\n            <input type=\"tel\" name=\"contact[phone]\" id=\"contactFormPhone\" placeholder=\"Phone Number\" pattern=\"[0-9]*\">\r\n  \r\n            <label for=\"contactFormMessage\">Your Comment <em>*<\/em><\/label>\r\n            <textarea rows=\"10\" name=\"contact[body]\" placeholder=\"Your Message\" id=\"contactFormMessage\"><\/textarea>\r\n  \r\n            <input type=\"submit\" class=\"btn left\" value=\"Submit Contact\">","display_two_banner_bottom":"true","two_banner_bottom_title_color":"#ffffff","two_banner_bottom_title_size":"32","two_banner_bottom_description_color":"#ffffff","two_banner_bottom_description_size":"14","two_banner_bottom_title_1":"bags &amp; Purses","two_banner_bottom_title_color_1":"#ffffff","two_banner_bottom_title_size_1":"32","two_banner_bottom_description_1":"Cras porta purus eu gravida facilisis. Donec blandit ligula eu neque dapibus at eleifend nunc sagittis","two_banner_bottom_description_color_1":"#ffffff","two_banner_bottom_description_size_1":"14","two_banner_bottom_button_text_1":"Browse the Feature","two_banner_bottom_link_1":"http:\/\/www.shopify.com\/","two_banner_bottom_title_2":"Look of the day","two_banner_bottom_title_color_2":"#ffffff","two_banner_bottom_title_size_2":"32","two_banner_bottom_description_2":"Cras porta purus eu gravida facilisis. Donec blandit ligula eu neque dapibus at eleifend nunc sagittis","two_banner_bottom_description_color_2":"#ffffff","two_banner_bottom_description_size_2":"14","two_banner_bottom_button_text_2":"Browse the Feature","two_banner_bottom_link_2":"http:\/\/www.shopify.com\/","menu_instagram_link":"http:\/\/instagram.com\/shopify","display_aboutus_home":"true","aboutus_home_text_title":"Avenue De Boutique","aboutus_home_text_title_color":"#404e53","aboutus_home_text_description":"Phasellus fringilla malesuada ligula pulvinar commodo maecenas suscipit auctor sodales an comodous. Divamus consectetur nisl vel ante consectetur sodales. Class aptent tacitis litora torquent lorem an conubia der inceptos himenaeos. Avenue - Responsive Online Fashion Store for Shopify.","aboutus_home_text_description_color":"#404e53","aboutus_border_color":"#c4cdcd","aboutus_border_style":"solid","footer_address_color":"#5d9494","instagram_link_footer":"http:\/\/instagram.com\/shopify","display_footer_column_1_link_1":"true","footer_column_1_text_1":"About Us","footer_column_1_link_1":"\/pages\/about-us","display_footer_column_1_link_2":"true","footer_column_1_text_2":"Avenue Blog","footer_column_1_link_2":"\/blogs\/blog","display_footer_column_1_link_3":"true","footer_column_1_text_3":"Partners","footer_column_1_link_3":"http:\/\/twitter.com\/shopify","display_footer_column_1_link_4":"true","footer_column_1_text_4":"Press Release","footer_column_1_link_4":"http:\/\/twitter.com\/shopify","display_footer_column_1_link_5":"false","footer_column_1_text_5":"","footer_column_1_link_5":"","display_footer_column_1_link_6":"false","footer_column_1_text_6":"","footer_column_1_link_6":"","display_footer_column_2_link_1":"true","footer_column_2_text_1":"Contact Us","footer_column_2_link_1":"\/pages\/contact-us","display_footer_column_2_link_2":"true","footer_column_2_text_2":"Help & FAQs","footer_column_2_link_2":"http:\/\/twitter.com\/shopify","display_footer_column_2_link_3":"true","footer_column_2_text_3":"Shipping Info & Returns","footer_column_2_link_3":"http:\/\/twitter.com\/shopify","display_footer_column_2_link_4":"true","footer_column_2_text_4":"Consultant","footer_column_2_link_4":"http:\/\/twitter.com\/shopify","display_footer_column_2_link_5":"false","footer_column_2_text_5":"","footer_column_2_link_5":"","display_footer_column_2_link_6":"false","footer_column_2_text_6":"","footer_column_2_link_6":"","display_footer_column_3_link_1":"true","footer_column_3_text_1":"Cookies","footer_column_3_link_1":"http:\/\/twitter.com\/shopify","display_footer_column_3_link_2":"true","footer_column_3_text_2":"Terms & Conditions","footer_column_3_link_2":"http:\/\/twitter.com\/shopify","footer_column_3_text_3":"Returns Policy","footer_column_3_link_3":"http:\/\/twitter.com\/shopify","display_footer_column_3_link_4":"true","footer_column_3_text_4":"Other Information","footer_column_3_link_4":"http:\/\/twitter.com\/shopify","display_footer_column_3_link_5":"false","footer_column_3_text_5":"","footer_column_3_link_5":"","display_footer_column_3_link_6":"false","footer_column_3_text_6":"","footer_column_3_link_6":"","payment_methods_accepted_text":"","payment_text_color":"","display_text_free_shipping":"1","free_shipping_text":"Free Shipping Worldwide. No Minimum Ourchase required.","cart_text_color":"#66787f","cart_text_color_hover":"#090939","nav_border_style":"solid","nav_border_color":"#d2d8db","nav_border_top_color":"#00a6ff","nav_border_bottom_color":"#ff0000","height":"","display_product_detail_tab":"false","enable_lazy_loading":"true","infinite_scrolling_text":"Show More","infinite_scrolling":"true","use_logo":"true","enable_opengraph":"false","enable_twittercards":"false","footer_display_contact":"true","footer_contact_title":"Contact Us","footer_display_social":"true","footer_social_title":"Follow Us","ajax_cart_method":"Drawer","currency_format":"money_format","show_multiple_currencies":"true","twittercard_handle":"","blog_tag_background_color":"","blog_tag_background_hover_color":"","blog_tag_font_color":"","blog_tag_font_hover_color":"","display_blog_tags":"true","text_color":"#333333","link_color":"#333333","menu_color":"#333333","menu_bg_color":"#000000","footer_heading_color":"#e2e2e2","special_color":"#cc003e","second_special_color":"#ff2d6d","selection_color":"#cc003e","image_overlay_color":"#cc003e","product_display_related":"true","collection_sale_sticker_color":"","collection_display_browse?":"false","collection_display_vendor?":"false","collection_display_price?":"false","collection_display_sale?":"false","hide_view_collection_link":"false","display_feature_prouduct_home_page":"true","slide-des_1_slide-heading":"abc","slider_auto_advance":"5000","slider_item_1_link":"","slider_item_1_title":"","slider_item_2_link":"","slider_item_2_title":"","slider_item_3_link":"","slider_item_3_title":"","slider_item_4_link":"","slider_item_4_title":"","slider_item_5_link":"","slider_item_5_title":"","slider_item_6_link":"","slider_item_6_title":"","slider_item_1_text":"","slider_item_2_text":"","slider_item_3_text":"","slider_item_4_text":"","slider_item_5_text":"","slider_item_6_text":"","show_homepage_slider":"true","show_slider_item_1":"true","show_slider_item_2":"true","show_slider_item_3":"false","show_slider_item_4":"false","show_slider_item_5":"false","show_slider_item_6":"false","display_blog_dropdown":"true","display_collection_dropdown":"false","display_nav_search":"false","nav_link_color":"#333333","nav_link_hover_color":"#ffffff","selected_nav_link_color":"#ffffff","nav_becomes_fixed":"false","footer_contact_text":"","bg_x_position":"0","bg_y_position":"0","bg_color":"#ffffff","bg_repeat":"repeat","bg_overlay_color":"#0ef56b","show_bg_overlay":"true","bg_x_pos":"0","bg_y_pos":"0","supported_currencies":"AUD EUR GBP USD JPY BHD","product_related_title":"Related products","featured_products":"frontpage","display_footer_column_3_link_3":"true","border_color_product_item":"#ff0000","product_item_border":"true","product_main_height":"500"}}}